"campaignid","opcode","period","error","family","genus","species","number","length_mm","frame","frame_left","range","min_length","max_length","length_max_mm","em_comment","rms","precision","code"
"2024-05_Exmouth-Gulf_stereo-BRUVs","EG-C01-001",,"too small","Carangidae","Gnathanodon","speciosus","1","168.7928",,"20628",,"180","1020","1200",,,,
"2024-05_Exmouth-Gulf_stereo-BRUVs","EG-C01-001",,"too small","Carangidae","Gnathanodon","speciosus","1","162.96184",,"20843",,"180","1020","1200",,,,
"2024-05_Exmouth-Gulf_stereo-BRUVs","EG-C01-001",,"too small","Carangidae","Gnathanodon","speciosus","1","167.95913",,"20973",,"180","1020","1200",,,,
"2024-05_Exmouth-Gulf_stereo-BRUVs","EG-C01-001",,"too small","Carangidae","Gnathanodon","speciosus","2","149.70607",,"21088",,"180","1020","1200",,,,
"2024-05_Exmouth-Gulf_stereo-BRUVs","EG-C01-045",,"too small","Echeneidae","Echeneis","naucrates","1","73.28699",,"72502",,"165","935","1100",,,,
"2024-05_Exmouth-Gulf_stereo-BRUVs","EG-C01-045",,"too small","Echeneidae","Echeneis","naucrates","1","95.45477",,"72612",,"165","935","1100",,,,
"2024-05_Exmouth-Gulf_stereo-BRUVs","EG-C01-045",,"too big","Tetraodontidae","Lagocephalus","lunaris","1","513.05476",,"34897",,"74.7","423.3","498",,,,
"2024-05_Exmouth-Gulf_stereo-BRUVs","EG-C01-047",,"too big","Bothidae","Unknown","spp","1","237.41394",,"8384",,"27.0520672683532","153.295047854002","180.347115122355",,,,
"2024-05_Exmouth-Gulf_stereo-BRUVs","EG-C01-047",,"too big","Carangidae","Atule","mate","1","257.66006",,"65980",,"45","255","300",,,,
"2024-05_Exmouth-Gulf_stereo-BRUVs","EG-C01-047",,"too big","Tetraodontidae","Lagocephalus","lunaris","1","516.92523",,"18935",,"74.7","423.3","498",,,,
"2024-05_Exmouth-Gulf_stereo-BRUVs","EG-C01-047",,"too big","Tetraodontidae","Lagocephalus","lunaris","1","437.56542",,"19624",,"74.7","423.3","498",,,,
"2024-05_Exmouth-Gulf_stereo-BRUVs","EG-C02-002",,"too big","Tetraodontidae","Lagocephalus","lunaris","1","504.78217",,"46456",,"74.7","423.3","498",,,,
"2024-05_Exmouth-Gulf_stereo-BRUVs","EG-C02-048",,"too big","Pomacentridae","Pomacentrus","spp","1","80.04677",,"77684",,"13.6699999968211","77.4633333153195","91.1333333121406",,,,
"2024-05_Exmouth-Gulf_stereo-BRUVs","EG-C02-050",,"species.not.observed.in.region.before","Cheloniidae","Unknown","spp",,,,,,,,,,,,
"2024-05_Exmouth-Gulf_stereo-BRUVs","EG-C02-050",,"species.not.in.life.history.sheet","Pseudochromidae","Pseudochromis","sp1",,,,,,,,,,,,
"2024-05_Exmouth-Gulf_stereo-BRUVs","EG-C02-050",,"species.not.in.life.history.sheet","Sus","Sus","sus",,,,,,,,,,,,
"2024-05_Exmouth-Gulf_stereo-BRUVs","EG-C02-051",,"too big","Carcharhinidae","Carcharhinus","coatesi","1","805.28261",,"5553",,"130.5","739.5","870",,,,
"2024-05_Exmouth-Gulf_stereo-BRUVs","EG-C02-052",,"species.not.in.life.history.sheet","Sus","Sus","sus",,,,,,,,,,,,
"2024-05_Exmouth-Gulf_stereo-BRUVs","EG-C02-052",,"too small","Labridae","Unknown","spp","1","40.24098",,"25059",,"46.1680007483113","261.618670907098","307.786671655409",,,,
"2024-05_Exmouth-Gulf_stereo-BRUVs","EG-C02-052",,"too small","Nemipteridae","Scolopsis","regina","1","39.46582",,"76605",,"57","323","380",,,,
"2024-05_Exmouth-Gulf_stereo-BRUVs","EG-C03-053",,"too small","Carangidae","Gnathanodon","speciosus","1","139.51165",,"61145",,"180","1020","1200",,,,
"2024-05_Exmouth-Gulf_stereo-BRUVs","EG-C03-053",,"too big","Nemipteridae","Pentapodus","porosus","1","231.83784",,"37126",,"40.5","229.5","270",,,,
"2024-05_Exmouth-Gulf_stereo-BRUVs","EG-C03-055",,"too small","Carangidae","Turrum","fulvoguttatum","1","190.06691",,"52554",,"195","1105","1300",,,,
"2024-05_Exmouth-Gulf_stereo-BRUVs","EG-C04-004",,"too big","Nemipteridae","Scaevius","milii","1","203.98394",,"21646",,"30","170","200",,,,
"2024-05_Exmouth-Gulf_stereo-BRUVs","EG-C04-058",,"too big","Bothidae","Unknown","spp","1","177.93458",,"77877",,"27.0520672683532","153.295047854002","180.347115122355",,,,
"2024-05_Exmouth-Gulf_stereo-BRUVs","EG-C04-058",,"too big","Tetraodontidae","Torquigener","hicksi","2","128.6107",,"36570",,"19.5","110.5","130",,,,
"2024-05_Exmouth-Gulf_stereo-BRUVs","EG-C04-060",,"too big","Elopidae","Elops","spp","1","1021.67067",,"56232",,"178.5","1011.5","1190",,,,
"2024-05_Exmouth-Gulf_stereo-BRUVs","EG-C05-005",,"species.not.observed.in.region.before","Cheloniidae","Unknown","spp",,,,,,,,,,,,
"2024-05_Exmouth-Gulf_stereo-BRUVs","EG-C05-005",,"too big","Labridae","Halichoeres","nebulosus","2","105.45527",,"28499",,"18","102","120",,,,
"2024-05_Exmouth-Gulf_stereo-BRUVs","EG-C05-005",,"too big","Pseudochromidae","Unknown","spp","1","112.52525",,"38568",,"13.1972197693783","74.7842453598103","87.9814651291886",,,,
"2024-05_Exmouth-Gulf_stereo-BRUVs","EG-C05-063",,"too big","Pomacentridae","Pomacentrus","spp","1","79.08759",,"20080",,"13.6699999968211","77.4633333153195","91.1333333121406",,,,
"2024-05_Exmouth-Gulf_stereo-BRUVs","EG-C05-064",,"too small","Lutjanidae","Lutjanus","carponotatus","1","56.10643",,"61263",,"60","340","400",,,,
"2024-05_Exmouth-Gulf_stereo-BRUVs","EG-C05-064",,"too big","Labridae","Coris","pictoides","2","166.58872",,"32959",,"22.5","127.5","150",,,,
"2024-05_Exmouth-Gulf_stereo-BRUVs","EG-C05-065",,"too big","Chaetodontidae","Chelmon","marginalis","1","153.70426",,"54844",,"27","153","180",,,,
"2024-05_Exmouth-Gulf_stereo-BRUVs","EG-C07-073",,"too small","Lethrinidae","Lethrinus","genivittatus","1","36.71313",,"17268",,"37.5","212.5","250",,,,
"2024-05_Exmouth-Gulf_stereo-BRUVs","EG-C07-075",,"too small","Lethrinidae","Lethrinus","atkinsoni","1","73.75147",,"59070",,"75","425","500",,,,
"2024-05_Exmouth-Gulf_stereo-BRUVs","EG-C07-075",,"too small","Pomacanthidae","Pomacanthus","spp","1","26.02841",,"2055",,"57.6","326.4","384",,,,
"2024-05_Exmouth-Gulf_stereo-BRUVs","EG-C07-075",,"too big","Labridae","Stethojulis","spp","2","124.61195",,"49743",,"21.75","123.25","145",,,,
"2024-05_Exmouth-Gulf_stereo-BRUVs","EG-C07-076",,"too small","Lethrinidae","Lethrinus","spp","1","74.44692",,"61772",,"86.3113637404008","489.097727862271","575.409091602672",,,,
"2024-05_Exmouth-Gulf_stereo-BRUVs","EG-C07-077",,"too big","Carangidae","Atropus","hedlandensis","1","276.79273",,"39946",,"48","272","320",,,,
"2024-05_Exmouth-Gulf_stereo-BRUVs","EG-C07-077",,"too big","Carangidae","Atropus","hedlandensis","1","288.79617",,"39978",,"48","272","320",,,,
"2024-05_Exmouth-Gulf_stereo-BRUVs","EG-C07-077",,"too big","Carangidae","Atropus","hedlandensis","1","300.30481",,"39983",,"48","272","320",,,,
"2024-05_Exmouth-Gulf_stereo-BRUVs","EG-C08-008",,"too big","Labridae","Stethojulis","spp","1","125.87546",,"52992",,"21.75","123.25","145",,,,
"2024-05_Exmouth-Gulf_stereo-BRUVs","EG-C08-078",,"species.not.observed.in.region.before","Cheloniidae","Unknown","spp",,,,,,,,,,,,
"2024-05_Exmouth-Gulf_stereo-BRUVs","EG-C08-078",,"too big","Pomacentridae","Unknown","spp","1","102.47324",,"27366",,"17.9579144869277","101.761515425924","119.719429912851",,,,
"2024-05_Exmouth-Gulf_stereo-BRUVs","EG-C08-078",,"too big","Siganidae","Siganus","virgatus","2","266.62267",,"13831",,"45","255","300",,,,
"2024-05_Exmouth-Gulf_stereo-BRUVs","EG-C08-079",,"species.not.in.life.history.sheet","Sus","Sus","sus",,,,,,,,,,,,
"2024-05_Exmouth-Gulf_stereo-BRUVs","EG-C08-079",,"too small","Labridae","Choerodon","cyanodus","1","103.63409",,"5947",,"106.5","603.5","710",,,,
"2024-05_Exmouth-Gulf_stereo-BRUVs","EG-C08-079",,"too big","Blenniidae","Ecsenius","yaeyamaensis","1","71.14833",,"3859",,"9","51","60",,,,
"2024-05_Exmouth-Gulf_stereo-BRUVs","EG-C08-079",,"too big","Blenniidae","Ecsenius","yaeyamaensis","1","74.24221",,"3873",,"9","51","60",,,,
"2024-05_Exmouth-Gulf_stereo-BRUVs","EG-C08-079",,"too big","Labridae","Choerodon","spp","1","593.8805",,"75814",,"68.8312499821186","390.043749898672","458.874999880791",,,,
"2024-05_Exmouth-Gulf_stereo-BRUVs","EG-C08-079",,"too big","Nemipteridae","Scaevius","milii","1","229.85937",,"23222",,"30","170","200",,,,
"2024-05_Exmouth-Gulf_stereo-BRUVs","EG-C08-080",,"too small","Carangidae","Caranx","ignobilis","1","266.15805",,"49646",,"270","1530","1800",,,,
"2024-05_Exmouth-Gulf_stereo-BRUVs","EG-C08-081",,"too big","Acanthuridae","Acanthurus","grammoptilus","1","393.51059",,"16678",,"53.3999977111816","302.599987030029","355.999984741211",,,,
"2024-05_Exmouth-Gulf_stereo-BRUVs","EG-C08-081",,"too big","Chaetodontidae","Heniochus","diphreutes","1","251.73058",,"41670",,"31.5","178.5","210",,,,
"2024-05_Exmouth-Gulf_stereo-BRUVs","EG-C08-081",,"too big","Chaetodontidae","Unknown","spp","1","271.49328",,"72250",,"27.5631774347282","156.191338796793","183.754516231521",,,,
"2024-05_Exmouth-Gulf_stereo-BRUVs","EG-C08-081",,"too big","Pomacentridae","Abudefduf","bengalensis","1","156.01298",,"43532",,"27","153","180",,,,
"2024-05_Exmouth-Gulf_stereo-BRUVs","EG-C08-081",,"too big","Pomacentridae","Pomacentrus","spp","1","81.3833",,"48204",,"13.6699999968211","77.4633333153195","91.1333333121406",,,,
"2024-05_Exmouth-Gulf_stereo-BRUVs","EG-C08-081",,"too big","Pomacentridae","Pomacentrus","spp","1","84.86338",,"48210",,"13.6699999968211","77.4633333153195","91.1333333121406",,,,
"2024-05_Exmouth-Gulf_stereo-BRUVs","EG-C08-081",,"too big","Pomacentridae","Pomacentrus","spp","1","80.61265",,"48237",,"13.6699999968211","77.4633333153195","91.1333333121406",,,,
"2024-05_Exmouth-Gulf_stereo-BRUVs","EG-C08-081",,"too big","Pomacentridae","Pomacentrus","spp","1","87.252",,"48275",,"13.6699999968211","77.4633333153195","91.1333333121406",,,,
"2024-05_Exmouth-Gulf_stereo-BRUVs","EG-C08-081",,"too big","Siganidae","Siganus","spp","1","364.79923",,"75843",,"53.4705882352941","303","356.470588235294",,,,
"2024-05_Exmouth-Gulf_stereo-BRUVs","EG-C08-081",,"too big","Siganidae","Siganus","virgatus","1","267.86577",,"75360",,"45","255","300",,,,
"2024-05_Exmouth-Gulf_stereo-BRUVs","EG-C08-081",,"too big","Siganidae","Siganus","virgatus","1","256.32417",,"75520",,"45","255","300",,,,
"2024-05_Exmouth-Gulf_stereo-BRUVs","EG-C08-082",,"too big","Pomacentridae","Stegastes","albifasciatus","1","110.91313",,"32391",,"19.5","110.5","130",,,,
"2024-05_Exmouth-Gulf_stereo-BRUVs","EG-C09-083",,"too small","Carangidae","Gnathanodon","speciosus","2","165.32931",,"78422",,"180","1020","1200",,,,
"2024-05_Exmouth-Gulf_stereo-BRUVs","EG-C09-083",,"too small","Carangidae","Gnathanodon","speciosus","1","118.25578",,"78444",,"180","1020","1200",,,,
"2024-05_Exmouth-Gulf_stereo-BRUVs","EG-C09-083",,"too small","Carangidae","Gnathanodon","speciosus","1","178.92738",,"78580",,"180","1020","1200",,,,
"2024-05_Exmouth-Gulf_stereo-BRUVs","EG-C09-083",,"too small","Carangidae","Gnathanodon","speciosus","1","165.63907",,"78584",,"180","1020","1200",,,,
"2024-05_Exmouth-Gulf_stereo-BRUVs","EG-C09-083",,"too small","Tetraodontidae","Lagocephalus","sceleratus","1","123.23866",,"69322",,"165","935","1100",,,,
"2024-05_Exmouth-Gulf_stereo-BRUVs","EG-C09-085",,"too big","Tetraodontidae","Lagocephalus","lunaris","1","503.11133",,"34596",,"74.7","423.3","498",,,,
"2024-05_Exmouth-Gulf_stereo-BRUVs","EG-C11-011",,"too big","Tetraodontidae","Torquigener","pallimaculatus","1","162.92833",,"56160",,"27","153","180",,,,
"2024-05_Exmouth-Gulf_stereo-BRUVs","EG-C11-093",,"too big","Tetraodontidae","Lagocephalus","lunaris","1","528.17395",,"81052",,"74.7","423.3","498",,,,
"2024-05_Exmouth-Gulf_stereo-BRUVs","EG-C11-095",,"too big","Blenniidae","Meiacanthus","luteus","1","96.28882",,"71003",,"15.4500002861023","87.5500016212463","103.000001907349",,,,
"2024-05_Exmouth-Gulf_stereo-BRUVs","EG-C11-095",,"too big","Tetraodontidae","Lagocephalus","lunaris","1","556.74286",,"44662",,"74.7","423.3","498",,,,
"2024-05_Exmouth-Gulf_stereo-BRUVs","EG-C11-097",,"too big","Leiognathidae","Unknown","spp","2","185.80295",,"63217",,"20.9314063042402","118.611302390695","139.542708694935",,,,
"2024-05_Exmouth-Gulf_stereo-BRUVs","EG-C11-097",,"too big","Leiognathidae","Unknown","spp","2","137.10093",,"63222",,"20.9314063042402","118.611302390695","139.542708694935",,,,
"2024-05_Exmouth-Gulf_stereo-BRUVs","EG-C12-100",,"too small","Tetraodontidae","Lagocephalus","sceleratus","1","92.14856",,"52414",,"165","935","1100",,,,
"2024-05_Exmouth-Gulf_stereo-BRUVs","EG-C12-101","1","3D.point.measurement.over.rms","Synodontidae","Saurida","undosquamis",,,,"18436","857.27186",,,,,"29.9559",,"37118001"
"2024-05_Exmouth-Gulf_stereo-BRUVs","EG-C12-101","1","3D.point.measurement.over.rms","Siganidae","Siganus","fuscescens",,,,"42239","854.73979",,,,,"27.97542",,"37438001"
"2024-05_Exmouth-Gulf_stereo-BRUVs","EG-C12-101",,"too big","Tetraodontidae","Lagocephalus","lunaris","1","501.28497",,"77655",,"74.7","423.3","498",,,,
"2024-05_Exmouth-Gulf_stereo-BRUVs","EG-C12-102",,"too small","Echeneidae","Echeneis","naucrates","1","103.10585",,"50124",,"165","935","1100",,,,
"2024-05_Exmouth-Gulf_stereo-BRUVs","EG-C12-102",,"too big","Nemipteridae","Nemipterus","furcosus","1","236.80926",,"20520",,"36","204","240",,,,
"2024-05_Exmouth-Gulf_stereo-BRUVs","EG-C14-014",,"too small","Carangidae","Gnathanodon","speciosus","1","163.60895",,"79737",,"180","1020","1200",,,,
"2024-05_Exmouth-Gulf_stereo-BRUVs","EG-C14-014",,"too big","Clupeidae","Herklotsichthys","blackburni","1","117.97664",,"47338",,"17.745","100.555","118.3",,,,
"2024-05_Exmouth-Gulf_stereo-BRUVs","EG-C14-014",,"too big","Clupeidae","Herklotsichthys","blackburni","1","120.13533",,"47363",,"17.745","100.555","118.3",,,,
"2024-05_Exmouth-Gulf_stereo-BRUVs","EG-C14-014",,"too big","Clupeidae","Herklotsichthys","blackburni","1","102.05101",,"47363",,"17.745","100.555","118.3",,,,
"2024-05_Exmouth-Gulf_stereo-BRUVs","EG-C14-108",,"too big","Carangidae","Selaroides","leptolepis","2","223.10267",,"51095",,"33","187","220",,,,
"2024-05_Exmouth-Gulf_stereo-BRUVs","EG-C14-110",,"too big","Mullidae","Upeneus","spp","1","168.76076",,"5632",,"28.9125000536442","163.837500303984","192.750000357628",,,,
"2024-05_Exmouth-Gulf_stereo-BRUVs","EG-C15-015",,"species.not.observed.in.region.before","Elapidae","Aipysurus","spp",,,,,,,,,,,,
"2024-05_Exmouth-Gulf_stereo-BRUVs","EG-C15-015",,"3D.point.without.a.number","Unknown","Unknown","spp",,,,"4728",,,,,,,,
"2024-05_Exmouth-Gulf_stereo-BRUVs","EG-C15-114",,"too big","Bothidae","Unknown","spp","1","231.16151",,"41322",,"27.0520672683532","153.295047854002","180.347115122355",,,,
"2024-05_Exmouth-Gulf_stereo-BRUVs","EG-C15-116",,"too small","Tetraodontidae","Lagocephalus","sceleratus","1","132.72804",,"65396",,"165","935","1100",,,,
"2024-05_Exmouth-Gulf_stereo-BRUVs","EG-C15-116",,"too big","Tetraodontidae","Lagocephalus","lunaris","1","529.95979",,"23379",,"74.7","423.3","498",,,,
"2024-05_Exmouth-Gulf_stereo-BRUVs","EG-C15-116",,"too big","Tetraodontidae","Lagocephalus","lunaris","1","507.30182",,"23639",,"74.7","423.3","498",,,,
"2024-05_Exmouth-Gulf_stereo-BRUVs","EG-C16-016",,"too big","Leiognathidae","Unknown","spp","1","121.21117",,"19169",,"20.9314063042402","118.611302390695","139.542708694935",,,,
"2024-05_Exmouth-Gulf_stereo-BRUVs","EG-C16-016",,"too big","Tetraodontidae","Lagocephalus","lunaris","1","628.59625",,"73052",,"74.7","423.3","498",,,,
"2024-05_Exmouth-Gulf_stereo-BRUVs","EG-C16-121",,"species.not.in.life.history.sheet","Sus","Sus","sus",,,,,,,,,,,,
"2024-05_Exmouth-Gulf_stereo-BRUVs","EG-C17-125",,"species.not.in.life.history.sheet","Sus","Sus","sus",,,,,,,,,,,,
"2024-05_Exmouth-Gulf_stereo-BRUVs","EG-C17-127",,"too big","Bothidae","Unknown","spp","1","200.93597",,"53206",,"27.0520672683532","153.295047854002","180.347115122355",,,,
"2024-05_Exmouth-Gulf_stereo-BRUVs","EG-C17-127",,"too big","Leiognathidae","Unknown","spp","3","123.83614",,"57129",,"20.9314063042402","118.611302390695","139.542708694935",,,,
"2024-05_Exmouth-Gulf_stereo-BRUVs","EG-C18-128",,"too big","Bothidae","Unknown","spp","1","231.08382",,"49482",,"27.0520672683532","153.295047854002","180.347115122355",,,,
"2024-05_Exmouth-Gulf_stereo-BRUVs","EG-C18-128",,"too big","Gobiidae","Cryptocentrus","cebuanus","1","127.47307",,"51852",,"15","85","100",,,,
"2024-05_Exmouth-Gulf_stereo-BRUVs","EG-C18-130",,"too big","Bothidae","Unknown","spp","1","231.34014",,"70302",,"27.0520672683532","153.295047854002","180.347115122355",,,,
"2024-05_Exmouth-Gulf_stereo-BRUVs","EG-C18-131",,"too big","Tetraodontidae","Lagocephalus","lunaris","1","546.92563",,"23906",,"74.7","423.3","498",,,,
"2024-05_Exmouth-Gulf_stereo-BRUVs","EG-C19-134",,"too small","Carangidae","Seriolina","nigrofasciata","1","56.89673",,"35975",,"105","595","700",,,,
"2024-05_Exmouth-Gulf_stereo-BRUVs","EG-C20-020",,"too small","Carcharhinidae","Galeocerdo","cuvier","1","661.08726",,"9614",,"1125","6375","7500",,,,
"2024-05_Exmouth-Gulf_stereo-BRUVs","EG-C20-138",,"too big","Clupeidae","Herklotsichthys","blackburni","11","114.02912",,"65933",,"17.745","100.555","118.3",,,,
"2024-05_Exmouth-Gulf_stereo-BRUVs","EG-C20-139",,"species.not.observed.in.region.before","Elapidae","Hydrophis","major",,,,,,,,,,,,
"2024-05_Exmouth-Gulf_stereo-BRUVs","EG-C20-139",,"too big","Tetraodontidae","Lagocephalus","lunaris","1","524.58551",,"76358",,"74.7","423.3","498",,,,
"2024-05_Exmouth-Gulf_stereo-BRUVs","EG-C20-140",,"too big","Pinguipedidae","Parapercis","xanthozona","1","297.98239",,"65556",,"34.5","195.5","230",,,,
"2024-05_Exmouth-Gulf_stereo-BRUVs","EG-C20-141",,"too small","Carcharhinidae","Galeocerdo","cuvier","1","681.3092",,"67824",,"1125","6375","7500",,,,
"2024-05_Exmouth-Gulf_stereo-BRUVs","EG-C20-141",,"too big","Pinguipedidae","Parapercis","nebulosa","1","217.84488",,"68170",,"37.5","212.5","250",,,,
"2024-05_Exmouth-Gulf_stereo-BRUVs","EG-C20-142",,"too small","Echeneidae","Echeneis","naucrates","1","92.29003",,"80829",,"165","935","1100",,,,
"2024-05_Exmouth-Gulf_stereo-BRUVs","EG-C20-142",,"too big","Tetraodontidae","Lagocephalus","lunaris","2","546.6574",,"11281",,"74.7","423.3","498",,,,
"2024-05_Exmouth-Gulf_stereo-BRUVs","EG-C20-142",,"too big","Tetraodontidae","Lagocephalus","lunaris","1","550.99363",,"11789",,"74.7","423.3","498",,,,
"2024-05_Exmouth-Gulf_stereo-BRUVs","EG-C21-021",,"too small","Carangidae","Caranx","sexfasciatus","1","175.80377",,"76755",,"180","1020","1200",,,,
"2024-05_Exmouth-Gulf_stereo-BRUVs","EG-C22-149",,"too big","Tetraodontidae","Lagocephalus","lunaris","2","464.54938",,"57169",,"74.7","423.3","498",,,,
"2024-05_Exmouth-Gulf_stereo-BRUVs","EG-C23-155",,"too small","Echeneidae","Echeneis","naucrates","1","79.52275",,"42904",,"165","935","1100",,,,
"2024-05_Exmouth-Gulf_stereo-BRUVs","EG-C24-024",,"too big","Nemipteridae","Pentapodus","porosus","1","240.7841",,"30553",,"40.5","229.5","270",,,,
"2024-05_Exmouth-Gulf_stereo-BRUVs","EG-C24-158",,"too big","Tetraodontidae","Lagocephalus","lunaris","1","474.83859",,"80735",,"74.7","423.3","498",,,,
"2024-05_Exmouth-Gulf_stereo-BRUVs","EG-C24-160",,"too small","Echeneidae","Echeneis","naucrates","1","73.89538",,"43422",,"165","935","1100",,,,
"2024-05_Exmouth-Gulf_stereo-BRUVs","EG-C24-160",,"too big","Nemipteridae","Nemipterus","furcosus","1","210.24179",,"68023",,"36","204","240",,,,
"2024-05_Exmouth-Gulf_stereo-BRUVs","EG-C24-162",,"too big","Nemipteridae","Nemipterus","furcosus","1","259.64336",,"78365",,"36","204","240",,,,
"2024-05_Exmouth-Gulf_stereo-BRUVs","EG-C24-162",,"too big","Tetraodontidae","Feroxodon","multistriatus","1","531.03583",,"25285",,"58.5","331.5","390",,,,
"2024-05_Exmouth-Gulf_stereo-BRUVs","EG-C26-168",,"too big","Tetraodontidae","Lagocephalus","lunaris","1","494.63598",,"8063",,"74.7","423.3","498",,,,
"2024-05_Exmouth-Gulf_stereo-BRUVs","EG-C26-170",,"too big","Bothidae","Unknown","spp","1","206.08726",,"14046",,"27.0520672683532","153.295047854002","180.347115122355",,,,
"2024-05_Exmouth-Gulf_stereo-BRUVs","EG-C29-183",,"too big","Tetraodontidae","Lagocephalus","lunaris","1","523.01004",,"32454",,"74.7","423.3","498",,,,
"2024-05_Exmouth-Gulf_stereo-BRUVs","EG-C29-185",,"too big","Tetraodontidae","Lagocephalus","lunaris","1","454.06811",,"11131",,"74.7","423.3","498",,,,
"2024-05_Exmouth-Gulf_stereo-BRUVs","EG-C29-186",,"too big","Clupeidae","Herklotsichthys","blackburni","5","100.99563",,"53478",,"17.745","100.555","118.3",,,,
"2024-05_Exmouth-Gulf_stereo-BRUVs","EG-C30-030",,"too small","Echeneidae","Echeneis","naucrates","1","103.33516",,"20458",,"165","935","1100",,,,
"2024-05_Exmouth-Gulf_stereo-BRUVs","EG-C30-030",,"too big","Tetraodontidae","Lagocephalus","lunaris","1","505.0134",,"31057",,"74.7","423.3","498",,,,
"2024-05_Exmouth-Gulf_stereo-BRUVs","EG-C30-188",,"too big","Tetraodontidae","Lagocephalus","lunaris","1","507.65038",,"40507",,"74.7","423.3","498",,,,
"2024-05_Exmouth-Gulf_stereo-BRUVs","EG-C30-188",,"too big","Tetraodontidae","Lagocephalus","lunaris","1","559.96199",,"40682",,"74.7","423.3","498",,,,
"2024-05_Exmouth-Gulf_stereo-BRUVs","EG-C30-190",,"too big","Tetraodontidae","Lagocephalus","lunaris","1","535.17004",,"7378",,"74.7","423.3","498",,,,
"2024-05_Exmouth-Gulf_stereo-BRUVs","EG-C30-192",,"too big","Nemipteridae","Scolopsis","meridiana","1","200.18089",,"49815",,"34.5","195.5","230",,,,
"2024-05_Exmouth-Gulf_stereo-BRUVs","EG-C32-032",,"too small","Carangidae","Gnathanodon","speciosus","1","162.82215",,"6521",,"180","1020","1200",,,,
"2024-05_Exmouth-Gulf_stereo-BRUVs","EG-C32-032",,"too small","Carangidae","Gnathanodon","speciosus","1","173.94564",,"6556",,"180","1020","1200",,,,
"2024-05_Exmouth-Gulf_stereo-BRUVs","EG-C32-032",,"too small","Echeneidae","Echeneis","naucrates","1","139.93325",,"63498",,"165","935","1100",,,,
"2024-05_Exmouth-Gulf_stereo-BRUVs","EG-C32-032",,"too big","Clupeidae","Herklotsichthys","blackburni","8","106.00665",,"947",,"17.745","100.555","118.3",,,,
"2024-05_Exmouth-Gulf_stereo-BRUVs","EG-C32-032",,"too big","Tetraodontidae","Lagocephalus","lunaris","1","586.05729",,"66161",,"74.7","423.3","498",,,,
"2024-05_Exmouth-Gulf_stereo-BRUVs","EG-C32-032",,"too big","Tetraodontidae","Lagocephalus","lunaris","1","469.6902",,"66182",,"74.7","423.3","498",,,,
"2024-05_Exmouth-Gulf_stereo-BRUVs","EG-C32-198",,"species.not.observed.in.region.before","Cheloniidae","Unknown","spp",,,,,,,,,,,,
"2024-05_Exmouth-Gulf_stereo-BRUVs","EG-C32-198",,"too big","Nemipteridae","Scaevius","milii","1","170.68842",,"15195",,"30","170","200",,,,
"2024-05_Exmouth-Gulf_stereo-BRUVs","EG-C32-198",,"too big","Nemipteridae","Scaevius","milii","1","221.50842",,"15275",,"30","170","200",,,,
"2024-05_Exmouth-Gulf_stereo-BRUVs","EG-C32-198",,"too big","Nemipteridae","Scaevius","milii","1","186.5795",,"15477",,"30","170","200",,,,
"2024-05_Exmouth-Gulf_stereo-BRUVs","EG-C32-200",,"too big","Bothidae","Unknown","spp","1","204.17693",,"80704",,"27.0520672683532","153.295047854002","180.347115122355",,,,
"2024-05_Exmouth-Gulf_stereo-BRUVs","EG-C32-200",,"too big","Terapontidae","Pelates","octolineatus","2","951.93569",,"65795",,"42","238","280",,,,
"2024-05_Exmouth-Gulf_stereo-BRUVs","EG-C32-201",,"species.not.observed.in.region.before","Elapidae","Hydrophis","major",,,,,,,,,,,,
"2024-05_Exmouth-Gulf_stereo-BRUVs","EG-C32-201",,"species.not.in.life.history.sheet","Bothidae","Hyporhamphus","spp",,,,,,,,,,,,
"2024-05_Exmouth-Gulf_stereo-BRUVs","EG-C32-202",,"too big","Clupeidae","Herklotsichthys","blackburni","4","108.06736",,"17388",,"17.745","100.555","118.3",,,,
"2024-05_Exmouth-Gulf_stereo-BRUVs","EG-C32-202",,"too big","Clupeidae","Herklotsichthys","blackburni","4","101.17079",,"17388",,"17.745","100.555","118.3",,,,
"2024-05_Exmouth-Gulf_stereo-BRUVs","EG-C32-202",,"too big","Tetraodontidae","Lagocephalus","lunaris","1","480.76944",,"34176",,"74.7","423.3","498",,,,
"2024-05_Exmouth-Gulf_stereo-BRUVs","EG-C33-203",,"too small","Carangidae","Gnathanodon","speciosus","1","71.67669",,"21113",,"180","1020","1200",,,,
"2024-05_Exmouth-Gulf_stereo-BRUVs","EG-C33-203",,"too small","Carangidae","Gnathanodon","speciosus","2","86.96646",,"21131",,"180","1020","1200",,,,
"2024-05_Exmouth-Gulf_stereo-BRUVs","EG-C33-203",,"too small","Carangidae","Gnathanodon","speciosus","2","82.38667",,"21138",,"180","1020","1200",,,,
"2024-05_Exmouth-Gulf_stereo-BRUVs","EG-C33-203",,"too small","Carangidae","Gnathanodon","speciosus","1","78.83529",,"21138",,"180","1020","1200",,,,
"2024-05_Exmouth-Gulf_stereo-BRUVs","EG-C33-203",,"too small","Carangidae","Gnathanodon","speciosus","1","76.22371",,"21163",,"180","1020","1200",,,,
"2024-05_Exmouth-Gulf_stereo-BRUVs","EG-C33-203",,"too small","Carangidae","Gnathanodon","speciosus","1","42.83512",,"21174",,"180","1020","1200",,,,
"2024-05_Exmouth-Gulf_stereo-BRUVs","EG-C33-203",,"too small","Carangidae","Gnathanodon","speciosus","1","52.08891",,"21179",,"180","1020","1200",,,,
"2024-05_Exmouth-Gulf_stereo-BRUVs","EG-C33-203",,"too small","Carangidae","Gnathanodon","speciosus","2","50.97273",,"21183",,"180","1020","1200",,,,
"2024-05_Exmouth-Gulf_stereo-BRUVs","EG-C33-203",,"too small","Carangidae","Gnathanodon","speciosus","2","88.5815",,"21186",,"180","1020","1200",,,,
"2024-05_Exmouth-Gulf_stereo-BRUVs","EG-C33-203",,"too small","Carangidae","Gnathanodon","speciosus","1","99.53082",,"21204",,"180","1020","1200",,,,
"2024-05_Exmouth-Gulf_stereo-BRUVs","EG-C33-204",,"too big","Tetraodontidae","Lagocephalus","lunaris","1","454.10096",,"42653",,"74.7","423.3","498",,,,
"2024-05_Exmouth-Gulf_stereo-BRUVs","EG-C33-205",,"too small","Carangidae","Gnathanodon","speciosus","1","146.22219",,"23651",,"180","1020","1200",,,,
"2024-05_Exmouth-Gulf_stereo-BRUVs","EG-C33-205",,"too small","Carangidae","Gnathanodon","speciosus","1","166.8493",,"23673",,"180","1020","1200",,,,
"2024-05_Exmouth-Gulf_stereo-BRUVs","EG-C33-205",,"too small","Carangidae","Gnathanodon","speciosus","1","146.61865",,"23733",,"180","1020","1200",,,,
"2024-05_Exmouth-Gulf_stereo-BRUVs","EG-C33-205",,"too big","Tetraodontidae","Lagocephalus","lunaris","1","479.81098",,"52345",,"74.7","423.3","498",,,,
"2024-05_Exmouth-Gulf_stereo-BRUVs","EG-C33-206",,"too big","Tetraodontidae","Torquigener","spp","1","143.28242",,"11611",,"22.4045454805548","126.959091056477","149.363636537032",,,,
"2024-05_Exmouth-Gulf_stereo-BRUVs","EG-C34-034",,"too small","Echeneidae","Echeneis","naucrates","1","146.21497",,"36931",,"165","935","1100",,,,
"2024-05_Exmouth-Gulf_stereo-BRUVs","EG-C34-034",,"too big","Clupeidae","Herklotsichthys","blackburni","7","102.41459",,"60398",,"17.745","100.555","118.3",,,,
"2024-05_Exmouth-Gulf_stereo-BRUVs","EG-C35-213",,"too big","Tetraodontidae","Lagocephalus","lunaris","1","462.76197",,"39652",,"74.7","423.3","498",,,,
"2024-05_Exmouth-Gulf_stereo-BRUVs","EG-C35-215",,"too big","Tetraodontidae","Lagocephalus","lunaris","1","500.86532",,"32618",,"74.7","423.3","498",,,,
"2024-05_Exmouth-Gulf_stereo-BRUVs","EG-C35-215",,"too big","Tetraodontidae","Lagocephalus","lunaris","1","500.77366",,"32763",,"74.7","423.3","498",,,,
"2024-05_Exmouth-Gulf_stereo-BRUVs","EG-C36-036",,"species.not.observed.in.region.before","Phoxocephalidae","Birubius","maamus",,,,,,,,,,,,
"2024-05_Exmouth-Gulf_stereo-BRUVs","EG-C36-036",,"too big","Pinguipedidae","Parapercis","nebulosa","2","333.17539",,"28748",,"37.5","212.5","250",,,,
"2024-05_Exmouth-Gulf_stereo-BRUVs","EG-C36-218",,"too big","Elopidae","Elops","spp","1","1011.74342",,"6576",,"178.5","1011.5","1190",,,,
"2024-05_Exmouth-Gulf_stereo-BRUVs","EG-C36-218",,"too big","Mullidae","Upeneus","australiae","1","158.63682",,"62581",,"24","136","160",,,,
"2024-05_Exmouth-Gulf_stereo-BRUVs","EG-C36-219",,"species.not.observed.in.region.before","Muricidae","Murexsul","octogonus",,,,,,,,,,,,
"2024-05_Exmouth-Gulf_stereo-BRUVs","EG-C36-221",,"too big","Mullidae","Upeneus","australiae","2","140.89201",,"25645",,"24","136","160",,,,
"2024-05_Exmouth-Gulf_stereo-BRUVs","EG-C36-222",,"species.not.observed.in.region.before","Cheloniidae","Unknown","spp",,,,,,,,,,,,
"2024-05_Exmouth-Gulf_stereo-BRUVs","EG-C36-222",,"too big","Nemipteridae","Scaevius","milii","1","170.00077",,"38958",,"30","170","200",,,,
"2024-05_Exmouth-Gulf_stereo-BRUVs","EG-C38-038",,"species.not.observed.in.region.before","Cheloniidae","Caretta","caretta",,,,,,,,,,,,
"2024-05_Exmouth-Gulf_stereo-BRUVs","EG-C38-230","1","point.without.a.number","Unknown","Unknown","spp",,,"11557",,,,,,"Sepia spp",,,
"2024-05_Exmouth-Gulf_stereo-BRUVs","EG-C38-230",,"species.not.observed.in.region.before","Cheloniidae","Unknown","spp",,,,,,,,,,,,
"2024-05_Exmouth-Gulf_stereo-BRUVs","EG-C38-231",,"too small","Carangidae","Gnathanodon","speciosus","1","103.13617",,"50654",,"180","1020","1200",,,,
"2024-05_Exmouth-Gulf_stereo-BRUVs","EG-C38-231",,"too small","Carangidae","Gnathanodon","speciosus","1","85.97944",,"50674",,"180","1020","1200",,,,
"2024-05_Exmouth-Gulf_stereo-BRUVs","EG-C38-231",,"too big","Tetraodontidae","Lagocephalus","lunaris","1","496.68075",,"18735",,"74.7","423.3","498",,,,
"2024-05_Exmouth-Gulf_stereo-BRUVs","EG-C38-231",,"too big","Tetraodontidae","Lagocephalus","lunaris","2","511.14479",,"19032",,"74.7","423.3","498",,,,
"2024-05_Exmouth-Gulf_stereo-BRUVs","EG-C38-232",,"too small","Lethrinidae","Unknown","spp","1","68.91568",,"10066",,"81.8474794969278","463.802383815924","545.649863312852",,,,
"2024-05_Exmouth-Gulf_stereo-BRUVs","EG-C39-235",,"too big","Clupeidae","Herklotsichthys","blackburni","1","102.46411",,"45981",,"17.745","100.555","118.3",,,,
"2024-05_Exmouth-Gulf_stereo-BRUVs","EG-C39-235",,"too big","Clupeidae","Herklotsichthys","blackburni","1","110.21261",,"45987",,"17.745","100.555","118.3",,,,
"2024-05_Exmouth-Gulf_stereo-BRUVs","EG-C39-235",,"too big","Clupeidae","Herklotsichthys","blackburni","1","102.03047",,"46014",,"17.745","100.555","118.3",,,,
"2024-05_Exmouth-Gulf_stereo-BRUVs","EG-C40-040",,"too big","Tetraodontidae","Lagocephalus","lunaris","1","566.96953",,"49779",,"74.7","423.3","498",,,,
"2024-05_Exmouth-Gulf_stereo-BRUVs","EG-C40-238",,"too small","Carangidae","Gnathanodon","speciosus","1","92.20892",,"46221",,"180","1020","1200",,,,
"2024-05_Exmouth-Gulf_stereo-BRUVs","EG-C40-238",,"too small","Carcharhinidae","Unknown","spp","3","395.4686",,"25377",,"399.622473793163","2264.52735149459","2664.14982528775",,,,
"2024-05_Exmouth-Gulf_stereo-BRUVs","EG-C40-239",,"too small","Carcharhinidae","Carcharhinus","spp","2","389.66125",,"68457",,"393.571428571429","2230.2380952381","2623.80952380952",,,,
"2024-05_Exmouth-Gulf_stereo-BRUVs","EG-C40-240",,"too small","Lethrinidae","Lethrinus","nebulosus","1","115.292",,"21463",,"141","799","940",,,,
"2024-05_Exmouth-Gulf_stereo-BRUVs","EG-C40-242",,"too big","Tetraodontidae","Feroxodon","multistriatus","1","509.19148",,"19993",,"58.5","331.5","390",,,,
"2024-05_Exmouth-Gulf_stereo-BRUVs","EG-C41-246",,"too big","Tetraodontidae","Lagocephalus","lunaris","1","550.55925",,"41865",,"74.7","423.3","498",,,,
"2024-05_Exmouth-Gulf_stereo-BRUVs","EG-C42-042",,"too small","Echeneidae","Echeneis","naucrates","1","103.74534",,"41352",,"165","935","1100",,,,
"2024-05_Exmouth-Gulf_stereo-BRUVs","EG-C42-042",,"too small","Labridae","Choerodon","schoenleinii","1","93.33875",,"11988",,"150","850","1000",,,,
"2024-05_Exmouth-Gulf_stereo-BRUVs","EG-C42-042",,"too big","Tetraodontidae","Lagocephalus","lunaris","1","446.12675",,"49892",,"74.7","423.3","498",,,,
"2024-05_Exmouth-Gulf_stereo-BRUVs","EG-C42-251",,"too small","Lethrinidae","Lethrinus","punctulatus","1","72.63987",,"23198",,"78","442","520",,,,
"2024-05_Exmouth-Gulf_stereo-BRUVs","EG-C42-251",,"too big","Tetraodontidae","Lagocephalus","lunaris","1","484.25694",,"72439",,"74.7","423.3","498",,,,
"2024-05_Exmouth-Gulf_stereo-BRUVs","EG-C42-252",,"too small","Carangidae","Gnathanodon","speciosus","1","99.79087",,"25346",,"180","1020","1200",,,,
"2024-05_Exmouth-Gulf_stereo-BRUVs","EG-C42-252",,"too small","Carangidae","Gnathanodon","speciosus","1","87.42579",,"25362",,"180","1020","1200",,,,
"2024-05_Exmouth-Gulf_stereo-BRUVs","EG-C42-252",,"too small","Carangidae","Gnathanodon","speciosus","1","82.83653",,"25367",,"180","1020","1200",,,,
"2024-05_Exmouth-Gulf_stereo-BRUVs","EG-C42-252",,"too small","Carangidae","Gnathanodon","speciosus","1","97.78811",,"25376",,"180","1020","1200",,,,
"2024-05_Exmouth-Gulf_stereo-BRUVs","EG-C42-252",,"too small","Carangidae","Gnathanodon","speciosus","1","87.62712",,"25385",,"180","1020","1200",,,,
"2024-05_Exmouth-Gulf_stereo-BRUVs","EG-C42-252",,"too small","Carangidae","Gnathanodon","speciosus","1","74.68902",,"25740",,"180","1020","1200",,,,
"2024-05_Exmouth-Gulf_stereo-BRUVs","EG-CPO-002",,"too big","Acanthuridae","Acanthurus","triostegus","4","239.74655",,"33169",,"40.5","229.5","270",,,,
"2024-05_Exmouth-Gulf_stereo-BRUVs","EG-CPO-002",,"too big","Acanthuridae","Acanthurus","triostegus","4","247.24124",,"33693",,"40.5","229.5","270",,,,
"2024-05_Exmouth-Gulf_stereo-BRUVs","EG-CPO-002",,"too big","Labridae","Choerodon","spp","1","460.65147",,"47351",,"68.8312499821186","390.043749898672","458.874999880791",,,,
"2024-05_Exmouth-Gulf_stereo-BRUVs","EG-CPO-002",,"too big","Pomacentridae","Neopomacentrus","azysron","2","76.18185",,"80370",,"11.25","63.75","75",,,,
"2024-05_Exmouth-Gulf_stereo-BRUVs","EG-CPO-002",,"too big","Pomacentridae","Neopomacentrus","azysron","2","67.398",,"80378",,"11.25","63.75","75",,,,
"2024-05_Exmouth-Gulf_stereo-BRUVs","EG-CPO-002",,"too big","Pomacentridae","Neopomacentrus","azysron","1","65.24536",,"80381",,"11.25","63.75","75",,,,
"2024-05_Exmouth-Gulf_stereo-BRUVs","EG-CPO-002",,"too big","Pomacentridae","Neopomacentrus","azysron","1","81.10757",,"80388",,"11.25","63.75","75",,,,
"2024-05_Exmouth-Gulf_stereo-BRUVs","EG-CPO-002",,"too big","Pomacentridae","Neopomacentrus","azysron","1","69.20696",,"80393",,"11.25","63.75","75",,,,
"2024-05_Exmouth-Gulf_stereo-BRUVs","EG-CPO-002",,"too big","Pomacentridae","Neopomacentrus","azysron","1","71.93241",,"80401",,"11.25","63.75","75",,,,
"2024-05_Exmouth-Gulf_stereo-BRUVs","EG-CPO-002",,"too big","Pomacentridae","Unknown","spp","1","110.37357",,"2479",,"17.9579144869277","101.761515425924","119.719429912851",,,,
"2024-05_Exmouth-Gulf_stereo-BRUVs","EG-CPO-002",,"too big","Pomacentridae","Unknown","spp","1","112.35584",,"2479",,"17.9579144869277","101.761515425924","119.719429912851",,,,
"2024-05_Exmouth-Gulf_stereo-BRUVs","EG-CPO-002",,"too big","Siganidae","Siganus","virgatus","3","286.02239",,"41364",,"45","255","300",,,,
"2024-05_Exmouth-Gulf_stereo-BRUVs","EG-CPO-002",,"too big","Siganidae","Siganus","virgatus","3","266.84468",,"41416",,"45","255","300",,,,
"2024-05_Exmouth-Gulf_stereo-BRUVs","EG-CPO-002",,"too big","Siganidae","Siganus","virgatus","2","269.12329",,"41480",,"45","255","300",,,,
"2024-05_Exmouth-Gulf_stereo-BRUVs","EG-CPO-003",,"too big","Chaetodontidae","Heniochus","diphreutes","1","195.61565",,"43975",,"31.5","178.5","210",,,,
"2024-05_Exmouth-Gulf_stereo-BRUVs","EG-CPO-003",,"too big","Chaetodontidae","Heniochus","diphreutes","1","202.88021",,"44141",,"31.5","178.5","210",,,,
"2024-05_Exmouth-Gulf_stereo-BRUVs","EG-CPO-004",,"too big","Chaetodontidae","Chaetodon","aureofasciatus","1","125.27681",,"7601",,"21","119","140",,,,
"2024-05_Exmouth-Gulf_stereo-BRUVs","EG-CPO-004",,"too big","Lutjanidae","Lutjanus","carponotatus","1","341.55332",,"53157",,"60","340","400",,,,
"2024-05_Exmouth-Gulf_stereo-BRUVs","EG-CPO-004",,"too big","Pomacentridae","Abudefduf","bengalensis","2","153.55241",,"77997",,"27","153","180",,,,
"2024-05_Exmouth-Gulf_stereo-BRUVs","EG-CPO-005",,"species.not.observed.in.region.before","Cheloniidae","Unknown","spp",,,,,,,,,,,,
"2024-05_Exmouth-Gulf_stereo-BRUVs","EG-CPO-005",,"species.not.in.life.history.sheet","Sus","Sus","sus",,,,,,,,,,,,
"2024-05_Exmouth-Gulf_stereo-BRUVs","EG-CPO-005",,"too big","Acanthuridae","Acanthurus","grammoptilus","1","313.06462",,"26131",,"53.3999977111816","302.599987030029","355.999984741211",,,,
"2024-05_Exmouth-Gulf_stereo-BRUVs","EG-CPO-005",,"too big","Chaetodontidae","Chelmon","marginalis","1","154.55077",,"67070",,"27","153","180",,,,
"2024-05_Exmouth-Gulf_stereo-BRUVs","EG-CPO-005",,"too big","Pomacanthidae","Pomacanthus","sexstriatus","2","406.62793",,"72877",,"69","391","460",,,,
"2024-05_Exmouth-Gulf_stereo-BRUVs","EG-CPO-005",,"too big","Pomacentridae","Abudefduf","bengalensis","1","154.10205",,"23863",,"27","153","180",,,,
"2024-05_Exmouth-Gulf_stereo-BRUVs","EG-CPO-013",,"species.not.in.life.history.sheet","Sus","Sus","sus",,,,,,,,,,,,
"2024-05_Exmouth-Gulf_stereo-BRUVs","EG-CPO-013",,"too small","Labridae","Thalassoma","lunare","1","45.67079",,"57994",,"67.5","382.5","450",,,,
"2024-05_Exmouth-Gulf_stereo-BRUVs","EG-CPO-013",,"too small","Labridae","Thalassoma","lunare","1","51.92769",,"58016",,"67.5","382.5","450",,,,
"2024-05_Exmouth-Gulf_stereo-BRUVs","EG-CPO-013",,"too small","Labridae","Thalassoma","lunare","1","51.69997",,"58061",,"67.5","382.5","450",,,,
"2024-05_Exmouth-Gulf_stereo-BRUVs","EG-CPO-013",,"too small","Labridae","Thalassoma","lunare","1","48.38549",,"58110",,"67.5","382.5","450",,,,
"2024-05_Exmouth-Gulf_stereo-BRUVs","EG-CPO-013",,"too big","Chaetodontidae","Chaetodon","lineolatus","1","255.9118",,"60981",,"45","255","300",,,,
"2024-05_Exmouth-Gulf_stereo-BRUVs","EG-CPO-013",,"too big","Chaetodontidae","Chaetodon","plebeius","1","132.70061",,"37802",,"22.5","127.5","150",,,,
"2024-05_Exmouth-Gulf_stereo-BRUVs","EG-CPO-013",,"too big","Labridae","Unknown","spp","1","343.67484",,"68146",,"46.1680007483113","261.618670907098","307.786671655409",,,,
"2024-05_Exmouth-Gulf_stereo-BRUVs","EG-CPO-013",,"too big","Labridae","Unknown","spp","1","264.06293",,"68268",,"46.1680007483113","261.618670907098","307.786671655409",,,,
"2024-05_Exmouth-Gulf_stereo-BRUVs","EG-CPO-013",,"too big","Lutjanidae","Lutjanus","bohar","2","772.3569",,"73693",,"135","765","900",,,,
"2024-05_Exmouth-Gulf_stereo-BRUVs","EG-CPO-013",,"too big","Pomacentridae","Abudefduf","vaigiensis","2","200.39201",,"45194",,"30","170","200",,,,
"2024-05_Exmouth-Gulf_stereo-BRUVs","EG-CPO-014",,"species.not.observed.in.region.before","Carangidae","Trachinotus","botla",,,,,,,,,,,,
"2024-05_Exmouth-Gulf_stereo-BRUVs","EG-CPO-016","1","3D.point.measurement.over.rms","Cheloniidae","Chelonia","mydas",,,,"31454","2181.55147",,,,,"22.74234",,"39020002"
"2024-05_Exmouth-Gulf_stereo-BRUVs","EG-CPO-016",,"too small","Echeneidae","Echeneis","naucrates","1","78.49785",,"19853",,"165","935","1100",,,,
"2024-05_Exmouth-Gulf_stereo-BRUVs","EG-CPO-016",,"too big","Labridae","Stethojulis","bandanensis","1","128.98642",,"13313",,"22.5","127.5","150",,,,
"2024-05_Exmouth-Gulf_stereo-BRUVs","EG-CPO-016",,"too big","Pomacentridae","Pomacentrus","spp","1","86.4339",,"16925",,"13.6699999968211","77.4633333153195","91.1333333121406",,,,
"2024-05_Exmouth-Gulf_stereo-BRUVs","EG-CPO-016",,"too big","Pomacentridae","Unknown","spp","1","111.09746",,"47107",,"17.9579144869277","101.761515425924","119.719429912851",,,,
"2024-05_Exmouth-Gulf_stereo-BRUVs","EG-CPO-017",,"species.not.observed.in.region.before","Cheloniidae","Eretmochelys","imbricata",,,,,,,,,,,,
"2024-05_Exmouth-Gulf_stereo-BRUVs","EG-CPO-017",,"too big","Acanthuridae","Acanthurus","grammoptilus","2","368.67268",,"16186",,"53.3999977111816","302.599987030029","355.999984741211",,,,
"2024-05_Exmouth-Gulf_stereo-BRUVs","EG-CPO-017",,"too big","Acanthuridae","Acanthurus","grammoptilus","1","346.48261",,"16208",,"53.3999977111816","302.599987030029","355.999984741211",,,,
"2024-05_Exmouth-Gulf_stereo-BRUVs","EG-CPO-017",,"too big","Pomacentridae","Pomacentrus","spp","2","80.17887",,"44628",,"13.6699999968211","77.4633333153195","91.1333333121406",,,,
"2024-05_Exmouth-Gulf_stereo-BRUVs","EG-CPO-017",,"too big","Siganidae","Siganus","virgatus","2","266.70775",,"80447",,"45","255","300",,,,
"2024-05_Exmouth-Gulf_stereo-BRUVs","EG-CPO-017",,"too big","Siganidae","Siganus","virgatus","2","257.91566",,"80458",,"45","255","300",,,,
"2024-05_Exmouth-Gulf_stereo-BRUVs","EG-CPO-017",,"too big","Siganidae","Siganus","virgatus","2","258.98834",,"80472",,"45","255","300",,,,
"2024-05_Exmouth-Gulf_stereo-BRUVs","EG-CPO-017",,"too big","Siganidae","Siganus","virgatus","2","271.79991",,"80656",,"45","255","300",,,,
"2024-05_Exmouth-Gulf_stereo-BRUVs","EG-CPO-018",,,,,,,,,,,,,,,,,
"2024-05_Exmouth-Gulf_stereo-BRUVs","EG-CPO-018",,"species.not.in.life.history.sheet","Sus","Sus","sus",,,,,,,,,,,,
"2024-05_Exmouth-Gulf_stereo-BRUVs","EG-CPO-018",,"too small","Echeneidae","Echeneis","naucrates","1","156.41669",,"26396",,"165","935","1100",,,,
"2024-05_Exmouth-Gulf_stereo-BRUVs","EG-CPO-018",,"too small","Echeneidae","Echeneis","naucrates","1","104.21247",,"26399",,"165","935","1100",,,,
"2024-05_Exmouth-Gulf_stereo-BRUVs","EG-CPO-018",,"too big","Haemulidae","Plectorhinchus","multivittatus","1","437.50525",,"66521",,"75","425","500",,,,
"2024-05_Exmouth-Gulf_stereo-BRUVs","EG-CPO-018",,"too big","Serranidae","Unknown","spp","1","490.71674",,"55952",,"62.6441632372917","354.983591677986","417.627754915278",,,,
"2024-05_Exmouth-Gulf_stereo-BRUVs","EG-CPO-020",,"too small","Lethrinidae","Lethrinus","nebulosus","1","116.74432",,"51722",,"141","799","940",,,,
"2024-05_Exmouth-Gulf_stereo-BRUVs","EG-CPO-020",,"too small","Lethrinidae","Lethrinus","nebulosus","1","116.42881",,"51884",,"141","799","940",,,,
"2024-05_Exmouth-Gulf_stereo-BRUVs","EG-CPO-020",,"too small","Lethrinidae","Lethrinus","nebulosus","1","136.2785",,"51907",,"141","799","940",,,,
"2024-05_Exmouth-Gulf_stereo-BRUVs","EG-CPO-020",,"too small","Lethrinidae","Lethrinus","nebulosus","1","139.41859",,"51956",,"141","799","940",,,,
"2024-05_Exmouth-Gulf_stereo-BRUVs","EG-CPO-020",,"too small","Lethrinidae","Lethrinus","nebulosus","1","136.25287",,"52181",,"141","799","940",,,,
"2024-05_Exmouth-Gulf_stereo-BRUVs","EG-CPO-020",,"too small","Lethrinidae","Lethrinus","nebulosus","1","132.19084",,"52200",,"141","799","940",,,,
"2024-05_Exmouth-Gulf_stereo-BRUVs","EG-CPO-020",,"too small","Lethrinidae","Lethrinus","nebulosus","1","113.62641",,"52401",,"141","799","940",,,,
"2024-05_Exmouth-Gulf_stereo-BRUVs","EG-CPO-021",,"species.not.observed.in.region.before","Cheloniidae","Chelonia","spp",,,,,,,,,,,,
"2024-05_Exmouth-Gulf_stereo-BRUVs","EG-CPO-021",,"too big","Acanthuridae","Acanthurus","grammoptilus","1","329.59213",,"42283",,"53.3999977111816","302.599987030029","355.999984741211",,,,
"2024-05_Exmouth-Gulf_stereo-BRUVs","EG-CPO-021",,"too big","Acanthuridae","Acanthurus","grammoptilus","1","315.55583",,"42328",,"53.3999977111816","302.599987030029","355.999984741211",,,,
"2024-05_Exmouth-Gulf_stereo-BRUVs","EG-CPO-021",,"too big","Acanthuridae","Acanthurus","grammoptilus","1","309.188",,"42348",,"53.3999977111816","302.599987030029","355.999984741211",,,,
"2024-05_Exmouth-Gulf_stereo-BRUVs","EG-CPO-021",,"too big","Acanthuridae","Acanthurus","grammoptilus","1","392.90105",,"42398",,"53.3999977111816","302.599987030029","355.999984741211",,,,
"2024-05_Exmouth-Gulf_stereo-BRUVs","EG-CPO-021",,"too big","Labridae","Halichoeres","nebulosus","1","130.90377",,"42847",,"18","102","120",,,,
"2024-05_Exmouth-Gulf_stereo-BRUVs","EG-CPO-021",,"too big","Pomacentridae","Pomacentrus","spp","2","82.33545",,"22294",,"13.6699999968211","77.4633333153195","91.1333333121406",,,,
"2024-05_Exmouth-Gulf_stereo-BRUVs","EG-CPO-021",,"too big","Pomacentridae","Pomacentrus","spp","2","82.03837",,"22603",,"13.6699999968211","77.4633333153195","91.1333333121406",,,,
"2024-05_Exmouth-Gulf_stereo-BRUVs","EG-CPO-021",,"too big","Pomacentridae","Pomacentrus","spp","1","100.01068",,"22666",,"13.6699999968211","77.4633333153195","91.1333333121406",,,,
"2024-05_Exmouth-Gulf_stereo-BRUVs","EG-CPO-021",,"too big","Scombridae","Scomberomorus","spp","1","1381.53969",,"77264",,"179.7","1018.3","1198",,,,
"2024-05_Exmouth-Gulf_stereo-BRUVs","EG-CPO-026","1","length.measurement.over.rms","Nemipteridae","Pentapodus","vitta",,"118.39213",,"74335","608.76227",,,,,"43.34355","0.5901","37347022"
"2024-05_Exmouth-Gulf_stereo-BRUVs","EG-CPO-026","1","length.measurement.over.rms","Scombridae","Scomberomorus","spp",,"1129.80599",,"76394","6832.40724",,,,,"243.10698","38.09779",
"2024-05_Exmouth-Gulf_stereo-BRUVs","EG-CPO-026","1","length.measurement.over.rms","Scombridae","Scomberomorus","spp",,"1112.3204",,"76605","7833.93481",,,,,"275.3215","65.89083",
"2024-05_Exmouth-Gulf_stereo-BRUVs","EG-CPO-026","1","3D.point.measurement.over.rms","Sphyrnidae","Sphyrna","lewini",,,,"34600","4689.8039",,,,,"142.31155",,"37019001"
"2024-05_Exmouth-Gulf_stereo-BRUVs","EG-CPO-028-B",,"species.not.in.life.history.sheet","Pomacentridae","Chromis","sp1",,,,,,,,,,,,
"2024-05_Exmouth-Gulf_stereo-BRUVs","EG-CPO-028-B",,"species.not.in.life.history.sheet","Sus","Sus","sus",,,,,,,,,,,,
"2024-05_Exmouth-Gulf_stereo-BRUVs","EG-CPO-028-B",,"too big","Labridae","Scarus","spp","1","439.70721",,"64708",,"70.5391305840534","399.721739976302","470.260870560356",,,,
"2024-05_Exmouth-Gulf_stereo-BRUVs","EG-CPO-028-B",,"too big","Lutjanidae","Lutjanus","russellii","1","469.95066",,"32003",,"75","425","500",,,,
"2024-05_Exmouth-Gulf_stereo-BRUVs","EG-CPO-028-B",,"too big","Pomacanthidae","Chaetodontoplus","duboulayi","1","308.16569",,"26919",,"42","238","280",,,,
"2024-05_Exmouth-Gulf_stereo-BRUVs","EG-CPO-029",,"too small","Pomacanthidae","Pomacanthus","spp","1","53.89989",,"75318",,"57.6","326.4","384",,,,
"2024-05_Exmouth-Gulf_stereo-BRUVs","EG-CPO-029",,"too small","Pomacanthidae","Pomacanthus","spp","1","45.69651",,"75726",,"57.6","326.4","384",,,,
"2024-05_Exmouth-Gulf_stereo-BRUVs","EG-CPO-029",,"too big","Chaetodontidae","Chelmon","marginalis","1","158.7342",,"49569",,"27","153","180",,,,
"2024-05_Exmouth-Gulf_stereo-BRUVs","EG-CPO-034",,"too big","Tetraodontidae","Lagocephalus","lunaris","1","517.56274",,"80246",,"74.7","423.3","498",,,,
"2024-05_Exmouth-Gulf_stereo-BRUVs","EG-CPO-042",,,,,,,,,,,,,,,,,
"2024-05_Exmouth-Gulf_stereo-BRUVs","EG-CPO-044",,,,,,,,,,,,,,,,,
"2024-05_Exmouth-Gulf_stereo-BRUVs","EG-CPO-044",,"too big","Terapontidae","Amniataba","caudavittata","3","257.35533",,"67983",,"45","255","300",,,,
"2024-05_Exmouth-Gulf_stereo-BRUVs","EG-CPO-046",,"too big","Nemipteridae","Scaevius","milii","2","200.80699",,"27587",,"30","170","200",,,,
"2024-05_Exmouth-Gulf_stereo-BRUVs","EG-CPO-047",,"too big","Labridae","Unknown","spp","3","361.36518",,"23994",,"46.1680007483113","261.618670907098","307.786671655409",,,,
"2024-05_Exmouth-Gulf_stereo-BRUVs","EG-CPO-047",,"too big","Labridae","Unknown","spp","1","398.83448",,"24021",,"46.1680007483113","261.618670907098","307.786671655409",,,,
"2024-05_Exmouth-Gulf_stereo-BRUVs","EG-CPO-047",,"too big","Labridae","Unknown","spp","1","370.12007",,"24058",,"46.1680007483113","261.618670907098","307.786671655409",,,,
"2024-05_Exmouth-Gulf_stereo-BRUVs","EG-CPO-048",,"too big","Elopidae","Elops","spp","1","1056.05518",,"48059",,"178.5","1011.5","1190",,,,
"2024-05_Exmouth-Gulf_stereo-BRUVs","EG-CPO-049",,"species.not.observed.in.region.before","Elapidae","Aipysurus","spp",,,,,,,,,,,,
"2024-05_Exmouth-Gulf_stereo-BRUVs","EG-CPO-049",,"too big","Chaetodontidae","Chelmon","marginalis","1","154.34207",,"54270",,"27","153","180",,,,
"2024-05_Exmouth-Gulf_stereo-BRUVs","EG-CPO-051",,"species.not.observed.in.region.before","Elapidae","Aipysurus","spp",,,,,,,,,,,,
"2024-05_Exmouth-Gulf_stereo-BRUVs","EG-CPO-052","1","3D.point.without.a.number","Unknown","Unknown","unknown",,,,"40125",,,,,,,,
"2024-05_Exmouth-Gulf_stereo-BRUVs","EG-CPO-053",,"species.not.observed.in.region.before","Elapidae","Aipysurus","spp",,,,,,,,,,,,
"2024-05_Exmouth-Gulf_stereo-BRUVs","EG-CPO-053",,"too big","Nemipteridae","Scaevius","milii","2","187.96848",,"74460",,"30","170","200",,,,
"2024-05_Exmouth-Gulf_stereo-BRUVs","EG-CPO-053",,"stereo.maxn.does.not.equal.maxn","Sphyraenidae","Sphyraena","obtusata",,,,,,,,,,,,
"2024-05_Exmouth-Gulf_stereo-BRUVs","EG-CPO-054",,"too small","Carangidae","Gnathanodon","speciosus","1","55.66359",,"60747",,"180","1020","1200",,,,
"2024-05_Exmouth-Gulf_stereo-BRUVs","EG-CPO-054",,"too big","Carangidae","Unknown","spp","1","862.46204",,"59851",,"117.679261380976","666.84914782553","784.528409206506",,,,
"2024-05_Exmouth-Gulf_stereo-BRUVs","EG-CPO-054",,"too big","Carangidae","Unknown","spp","1","836.91739",,"59978",,"117.679261380976","666.84914782553","784.528409206506",,,,
"2024-05_Exmouth-Gulf_stereo-BRUVs","EG-CPO-054",,"too big","Carangidae","Unknown","spp","1","754.90197",,"60029",,"117.679261380976","666.84914782553","784.528409206506",,,,
"2024-05_Exmouth-Gulf_stereo-BRUVs","EG-CPO-054",,"too big","Clupeidae","Unknown","spp","5","202.75382",,"11985",,"33.3069452745501","188.739356555784","222.046301830334",,,,
"2024-05_Exmouth-Gulf_stereo-BRUVs","EG-CPO-054",,"too big","Clupeidae","Unknown","spp","6","217.68283",,"12005",,"33.3069452745501","188.739356555784","222.046301830334",,,,
"2024-05_Exmouth-Gulf_stereo-BRUVs","EG-CPO-054",,"too big","Pomacentridae","Pomacentrus","spp","1","82.34138",,"29259",,"13.6699999968211","77.4633333153195","91.1333333121406",,,,
"2024-05_Exmouth-Gulf_stereo-BRUVs","EG-CPO-054",,"too big","Pomacentridae","Pomacentrus","spp","2","86.45582",,"29879",,"13.6699999968211","77.4633333153195","91.1333333121406",,,,
"2024-05_Exmouth-Gulf_stereo-BRUVs","EG-CPO-054",,"too big","Pseudochromidae","Unknown","spp","1","149.33462",,"22954",,"13.1972197693783","74.7842453598103","87.9814651291886",,,,
"2024-05_Exmouth-Gulf_stereo-BRUVs","EG-CPO-054",,"too big","Serranidae","Unknown","spp","1","372.57898",,"33349",,"62.6441632372917","354.983591677986","417.627754915278",,,,
"2024-05_Exmouth-Gulf_stereo-BRUVs","EG-CPO-055",,"species.not.in.life.history.sheet","Labridae","Scarus","sp3",,,,,,,,,,,,
"2024-05_Exmouth-Gulf_stereo-BRUVs","EG-CPO-055",,"species.not.in.life.history.sheet","Sus","Sus","sus",,,,,,,,,,,,
"2024-05_Exmouth-Gulf_stereo-BRUVs","EG-CPO-055",,"too big","Chaetodontidae","Chaetodon","aureofasciatus","1","125.34354",,"6100",,"21","119","140",,,,
"2024-05_Exmouth-Gulf_stereo-BRUVs","EG-CPO-057",,"too big","Clupeidae","Herklotsichthys","blackburni","3","114.77113",,"8653",,"17.745","100.555","118.3",,,,
"2024-05_Exmouth-Gulf_stereo-BRUVs","EG-CPO-057",,"too big","Clupeidae","Herklotsichthys","blackburni","2","105.48901",,"8662",,"17.745","100.555","118.3",,,,
"2024-05_Exmouth-Gulf_stereo-BRUVs","EG-CPO-057",,"too big","Clupeidae","Herklotsichthys","blackburni","2","111.6927",,"8678",,"17.745","100.555","118.3",,,,
"2024-05_Exmouth-Gulf_stereo-BRUVs","EG-CPO-057",,"too big","Tetraodontidae","Lagocephalus","lunaris","1","578.02151",,"42162",,"74.7","423.3","498",,,,
"2024-05_Exmouth-Gulf_stereo-BRUVs","EG-CPO-057",,"too big","Tetraodontidae","Lagocephalus","lunaris","1","546.35184",,"42238",,"74.7","423.3","498",,,,
"2024-05_Exmouth-Gulf_stereo-BRUVs","EG-CPO-060",,"too big","Chaetodontidae","Chelmon","marginalis","1","159.20758",,"67408",,"27","153","180",,,,
"2024-05_Exmouth-Gulf_stereo-BRUVs","EG-CPT-005",,"too big","Tetraodontidae","Lagocephalus","lunaris","2","542.06661",,"23972",,"74.7","423.3","498",,,,
"2024-05_Exmouth-Gulf_stereo-BRUVs","EG-CPT-006",,"too big","Pinguipedidae","Parapercis","nebulosa","1","214.82067",,"78309",,"37.5","212.5","250",,,,
"2024-05_Exmouth-Gulf_stereo-BRUVs","EG-CPT-006",,"too big","Tetraodontidae","Lagocephalus","lunaris","1","491.80784",,"27189",,"74.7","423.3","498",,,,
"2024-05_Exmouth-Gulf_stereo-BRUVs","EG-CPT-006",,"too big","Tetraodontidae","Lagocephalus","lunaris","1","515.34098",,"27240",,"74.7","423.3","498",,,,
"2024-05_Exmouth-Gulf_stereo-BRUVs","EG-CPT-006",,"too big","Tetraodontidae","Lagocephalus","lunaris","1","466.64308",,"27261",,"74.7","423.3","498",,,,
"2024-05_Exmouth-Gulf_stereo-BRUVs","EG-CPT-007",,"species.not.in.life.history.sheet","Sus","Sus","sus",,,,,,,,,,,,
"2024-05_Exmouth-Gulf_stereo-BRUVs","EG-CPT-008",,"too big","Chaetodontidae","Chaetodon","aureofasciatus","3","123.40576",,"71806",,"21","119","140",,,,
"2024-05_Exmouth-Gulf_stereo-BRUVs","EG-CPT-008",,"too big","Pomacentridae","Abudefduf","bengalensis","3","153.83939",,"15602",,"27","153","180",,,,
"2024-05_Exmouth-Gulf_stereo-BRUVs","EG-CPT-010",,"species.not.in.life.history.sheet","Pomacentridae","Chromis","sp1",,,,,,,,,,,,
"2024-05_Exmouth-Gulf_stereo-BRUVs","EG-CPT-010",,"species.not.in.life.history.sheet","Sus","Sus","sus",,,,,,,,,,,,
"2024-05_Exmouth-Gulf_stereo-BRUVs","EG-CPT-011",,"too big","Pinguipedidae","Parapercis","nebulosa","1","217.34671",,"38838",,"37.5","212.5","250",,,,
"2024-05_Exmouth-Gulf_stereo-BRUVs","EG-CPT-011",,"too big","Tetraodontidae","Lagocephalus","lunaris","1","527.57354",,"63979",,"74.7","423.3","498",,,,
"2024-05_Exmouth-Gulf_stereo-BRUVs",,"1","period.wrong.length",,,,,,,,,,,,,,,
"2024-05_Exmouth-Gulf_stereo-BRUVs",,,"stereo.maxn.does.not.equal.maxn","Lethrinidae","Unknown","spp",,,,,,,,,,,,
"2024-05_Exmouth-Gulf_stereo-BRUVs",,,"stereo.maxn.does.not.equal.maxn","Nemipteridae","Pentapodus","nagasakiensis",,,,,,,,,,,,
"2024-05_Exmouth-Gulf_stereo-BRUVs",,,"stereo.maxn.does.not.equal.maxn","Bothidae","Hyporhamphus","spp",,,,,,,,,,,,
"2024-05_Exmouth-Gulf_stereo-BRUVs",,,"stereo.maxn.does.not.equal.maxn","Phoxocephalidae","Birubius","maamus",,,,,,,,,,,,
"2024-05_Exmouth-Gulf_stereo-BRUVs",,,"stereo.maxn.does.not.equal.maxn","Muricidae","Murexsul","octogonus",,,,,,,,,,,,
