caab_code,imcra_region
37465089,Timor Transition
37465089,Northwest Shelf Transition
37465089,Northwest Shelf Province
37465011,Northern Shelf Province
37465011,Northwest Shelf Transition
37465011,Northwest Shelf Province
37465011,Southeast Shelf Transition
37465011,Central Eastern Shelf Province
37465011,Central Eastern Shelf Transition
37465011,Northeast Shelf Province
37465011,Northeast Shelf Transition
37210016,Timor Province
37210016,Christmas Island Province
37210016,Northwest Transition
37210017,Lord Howe Province
37210017,Northeast Province
37210017,Timor Province
37210017,Cape Province
37210017,Cocos (Keeling) Island Province
37210017,Christmas Island Province
37210017,Northern Shelf Province
37210017,Northwest Shelf Transition
37210017,Northwest Shelf Province
37210017,Northwest Transition
37210017,Central Eastern Shelf Province
37210017,Central Eastern Shelf Transition
37210017,Northeast Shelf Province
37210017,Northeast Shelf Transition
37210019,Timor Province
37210019,Cocos (Keeling) Island Province
37210019,Northwest Transition
37210011,Timor Transition
37210011,Lord Howe Province
37210011,Central Eastern Transition
37210011,Christmas Island Province
37210011,Northern Shelf Province
37210011,Northwest Shelf Transition
37210011,Northwest Shelf Province
37210011,Central Western Shelf Transition
37210011,Central Western Shelf Province
37210011,Southwest Shelf Transition
37210011,Southeast Shelf Transition
37210011,Central Eastern Shelf Province
37210011,Central Eastern Shelf Transition
37210011,Northeast Shelf Province
37210011,Northeast Shelf Transition
37210021,Central Eastern Province
37210021,Lord Howe Province
37210021,Timor Province
37210021,Northwest Shelf Transition
37210021,Northwest Shelf Province
37210021,Central Eastern Shelf Province
37287031,Lord Howe Province
37287031,Timor Province
37287031,Christmas Island Province
37287031,Central Western Shelf Transition
37287031,Central Eastern Shelf Province
37287031,Central Eastern Shelf Transition
37235001,Northeast Province
37235001,Timor Province
37235001,Norfolk Island Province
37235001,Northern Shelf Province
37235001,Northwest Shelf Transition
37235001,Northwest Shelf Province
37235001,Central Western Shelf Transition
37235001,Central Western Shelf Province
37235001,Southwest Shelf Transition
37235001,Southeast Shelf Transition
37235001,Central Eastern Shelf Province
37235001,Central Eastern Shelf Transition
37235001,Northeast Shelf Province
37235001,Northeast Shelf Transition
37372003,Lord Howe Province
37372003,Timor Province
37372003,Northern Shelf Province
37372003,Northwest Shelf Transition
37372003,Northwest Shelf Province
37372003,Central Western Shelf Transition
37372003,Central Western Shelf Province
37372003,Southwest Shelf Transition
37372003,Central Eastern Shelf Province
37372003,Central Eastern Shelf Transition
37372003,Northeast Shelf Province
37372003,Northeast Shelf Transition
37372145,Cocos (Keeling) Island Province
37372145,Christmas Island Province
37372010,Northeast Province
37372010,Timor Province
37372010,Cape Province
37372010,Cocos (Keeling) Island Province
37372010,Christmas Island Province
37372010,Central Western Shelf Transition
37372010,Northeast Shelf Province
37372010,Northeast Shelf Transition
37372011,Lord Howe Province
37372011,Timor Province
37372011,Norfolk Island Province
37372011,Christmas Island Province
37372011,Northern Shelf Province
37372011,Northwest Shelf Transition
37372011,Northwest Shelf Province
37372011,Central Western Shelf Transition
37372011,Central Western Shelf Province
37372011,Southwest Shelf Transition
37372011,Southeast Shelf Transition
37372011,Central Eastern Shelf Province
37372011,Central Eastern Shelf Transition
37372011,Northeast Shelf Province
37372011,Northeast Shelf Transition
37372012,Lord Howe Province
37372012,Northeast Province
37372012,Timor Province
37372012,Norfolk Island Province
37372012,Cocos (Keeling) Island Province
37372012,Christmas Island Province
37372012,Northern Shelf Province
37372012,Northwest Shelf Transition
37372012,Northwest Shelf Province
37372012,Central Western Shelf Transition
37372012,Central Western Shelf Province
37372012,Southwest Shelf Transition
37372012,Southeast Shelf Transition
37372012,Central Eastern Shelf Province
37372012,Central Eastern Shelf Transition
37372012,Northeast Shelf Province
37372013,Lord Howe Province
37372013,Northeast Province
37372013,Timor Province
37372013,Norfolk Island Province
37372013,Cocos (Keeling) Island Province
37372013,Christmas Island Province
37372013,Northern Shelf Province
37372013,Northwest Shelf Transition
37372013,Northwest Shelf Province
37372013,Central Western Shelf Transition
37372013,Central Western Shelf Province
37372013,Northwest Transition
37372013,Southwest Shelf Transition
37372013,Southeast Shelf Transition
37372013,Central Eastern Shelf Province
37372013,Central Eastern Shelf Transition
37372013,Northeast Shelf Province
37372013,Northeast Shelf Transition
37372014,Lord Howe Province
37372014,Central Eastern Shelf Province
37372014,Central Eastern Shelf Transition
37372014,Northeast Shelf Province
37372014,Northeast Shelf Transition
37465001,Central Western Shelf Province
37465001,Southwest Shelf Transition
37465001,Southwest Shelf Province
37465001,Great Australian Bight Shelf Transition
37465001,Spencer Gulf Shelf Province
37465043,Southwest Shelf Transition
37465043,Southwest Shelf Province
37465043,Great Australian Bight Shelf Transition
37465043,Spencer Gulf Shelf Province
37465043,Western Bass Strait Shelf Transition
37465043,Bass Strait Shelf Province
37465043,Tasmanian Shelf Province
37465043,Southeast Shelf Transition
37465043,Central Eastern Shelf Province
37465002,Southwest Shelf Transition
37465002,Southwest Shelf Province
37465002,Great Australian Bight Shelf Transition
37465002,Spencer Gulf Shelf Province
37465002,Western Bass Strait Shelf Transition
37465002,Bass Strait Shelf Province
37465002,Tasmanian Shelf Province
37465002,Southeast Shelf Transition
37465002,Central Eastern Shelf Province
37465002,Central Eastern Shelf Transition
37393010,Northeast Province
37393010,Timor Province
37393010,Northwest Shelf Province
37393010,Northwest Transition
37393010,Central Eastern Shelf Province
37393010,Central Eastern Shelf Transition
37393010,Northeast Shelf Province
37393007,Northwest Shelf Province
37393007,Northwest Transition
37311131,Lord Howe Province
37311131,Norfolk Island Province
37311131,Central Eastern Shelf Province
37311131,Central Eastern Shelf Transition
37311090,Lord Howe Province
37311090,Bass Strait Shelf Province
37311090,Southeast Shelf Transition
37311090,Central Eastern Shelf Province
37311090,Central Eastern Shelf Transition
37311132,Central Western Shelf Transition
37311132,Central Western Shelf Province
37311132,Southwest Shelf Transition
37311132,Southwest Shelf Province
37311133,Central Eastern Shelf Province
37311035,Central Western Shelf Province
37311035,Southwest Shelf Transition
37311035,Southwest Shelf Province
37311035,Great Australian Bight Shelf Transition
37380002,Northern Shelf Province
37380002,Northwest Shelf Transition
37380002,Northwest Shelf Province
37380002,Central Western Shelf Transition
37380002,Central Western Shelf Province
37380002,Northeast Shelf Province
37380002,Northeast Shelf Transition
37380003,Northern Shelf Province
37380003,Central Eastern Shelf Transition
37380003,Northeast Shelf Province
37380003,Northeast Shelf Transition
37380004,Timor Transition
37380004,Central Eastern Shelf Transition
37380004,Northeast Shelf Province
37380004,Northeast Shelf Transition
37372015,Northeast Province
37372015,Northeast Transition
37372015,Timor Province
37372015,Cape Province
37372015,Northwest Shelf Transition
37372015,Northeast Shelf Province
37372015,Northeast Shelf Transition
37441024,Timor Transition
37441024,Central Eastern Province
37441024,Tasman Basin Province
37441024,Lord Howe Province
37441024,Central Eastern Transition
37441024,Kenn Transition
37441024,Kenn Province
37441024,Northeast Province
37441024,Northeast Transition
37441024,Timor Province
37441024,Cape Province
37441024,Norfolk Island Province
37441024,Cocos (Keeling) Island Province
37441024,Christmas Island Province
37441024,Northern Shelf Province
37441024,Northwest Shelf Transition
37441024,Northwest Shelf Province
37441024,Northwest Transition
37441024,Northwest Province
37428030,Bass Strait Shelf Province
37428030,Central Eastern Shelf Province
37228062,Northwest Province
37353004,Southeast Shelf Transition
37353004,Central Eastern Shelf Province
37353004,Central Eastern Shelf Transition
37353004,Northeast Shelf Province
37353003,Central Western Shelf Province
37353003,Southwest Shelf Transition
37353003,Southwest Shelf Province
37353003,Great Australian Bight Shelf Transition
37353003,Spencer Gulf Shelf Province
37353003,Western Bass Strait Shelf Transition
37353003,Bass Strait Shelf Province
37353003,Tasmanian Shelf Province
37353003,Southeast Shelf Transition
37353012,Northern Shelf Province
37353012,Northwest Shelf Transition
37353012,Northwest Shelf Province
37353012,Central Western Shelf Transition
37353012,Central Western Shelf Province
37353011,Northern Shelf Province
37353011,Northwest Shelf Transition
37353011,Northeast Shelf Province
37353011,Northeast Shelf Transition
37353014,Northern Shelf Province
37353014,Northwest Shelf Transition
37353014,Northwest Shelf Province
37353014,Central Western Shelf Transition
37353014,Central Western Shelf Province
37290017,Northern Shelf Province
37290017,Northwest Shelf Transition
37290017,Northwest Shelf Province
37290017,Central Western Shelf Transition
37290017,Central Western Shelf Province
37290017,Southwest Shelf Transition
37290017,Central Eastern Shelf Transition
37290017,Northeast Shelf Province
37290017,Northeast Shelf Transition
37466024,Northeast Shelf Transition
37437004,Northeast Province
37437004,Northeast Shelf Province
37437005,Northeast Province
37437005,Northeast Shelf Province
37437005,Northeast Shelf Transition
37437006,Timor Province
37437006,Christmas Island Province
37437006,Northeast Shelf Province
37437006,Northeast Shelf Transition
37437007,Lord Howe Province
37437007,Northeast Province
37437007,Timor Province
37437007,Cocos (Keeling) Island Province
37437007,Christmas Island Province
37437007,Northwest Transition
37437007,Southeast Shelf Transition
37437007,Central Eastern Shelf Province
37437007,Central Eastern Shelf Transition
37437007,Northeast Shelf Province
37437007,Northeast Shelf Transition
37437008,Lord Howe Province
37437008,Northeast Province
37437008,Timor Province
37437008,Norfolk Island Province
37437008,Christmas Island Province
37437008,Northwest Shelf Province
37437008,Central Western Shelf Transition
37437008,Central Western Shelf Province
37437008,Northwest Transition
37437008,Central Eastern Shelf Province
37437008,Central Eastern Shelf Transition
37437008,Northeast Shelf Province
37437008,Northeast Shelf Transition
37437044,Timor Province
37437002,Timor Province
37437002,Northern Shelf Province
37437002,Northwest Shelf Transition
37437002,Northwest Shelf Province
37437002,Central Western Shelf Transition
37437002,Central Western Shelf Province
37437002,Southwest Shelf Transition
37437002,Central Eastern Shelf Transition
37437002,Northeast Shelf Province
37437002,Northeast Shelf Transition
37437009,Northeast Province
37437009,Cocos (Keeling) Island Province
37437009,Christmas Island Province
37437009,Northeast Shelf Transition
37437010,Northeast Province
37437010,Timor Province
37437010,Cape Province
37437010,Cocos (Keeling) Island Province
37437010,Christmas Island Province
37437010,Northwest Shelf Province
37437010,Central Western Shelf Transition
37437010,Northwest Transition
37437010,Central Eastern Shelf Province
37437010,Central Eastern Shelf Transition
37437010,Northeast Shelf Province
37437010,Northeast Shelf Transition
37437041,Northeast Province
37437041,Cocos (Keeling) Island Province
37437041,Christmas Island Province
37437041,Northeast Shelf Transition
37437011,Timor Province
37437011,Cocos (Keeling) Island Province
37437011,Christmas Island Province
37437011,Northwest Shelf Province
37437011,Central Western Shelf Transition
37437011,Central Western Shelf Province
37437011,Central Eastern Shelf Province
37437011,Central Eastern Shelf Transition
37437011,Northeast Shelf Province
37437011,Northeast Shelf Transition
37437012,Northeast Province
37437012,Timor Province
37437012,Cocos (Keeling) Island Province
37437012,Christmas Island Province
37437012,Northwest Shelf Transition
37437012,Northwest Shelf Province
37437012,Central Western Shelf Transition
37437012,Northwest Transition
37437012,Central Eastern Shelf Transition
37437012,Northeast Shelf Province
37437012,Northeast Shelf Transition
37437013,Timor Province
37437013,Cocos (Keeling) Island Province
37437013,Christmas Island Province
37437013,Northwest Transition
37437013,Northeast Shelf Province
37437013,Northeast Shelf Transition
37437014,Lord Howe Province
37437014,Northeast Province
37437014,Northeast Transition
37437014,Timor Province
37437014,Cape Province
37437014,Norfolk Island Province
37437014,Cocos (Keeling) Island Province
37437014,Christmas Island Province
37437014,Northwest Shelf Province
37437014,Central Western Shelf Transition
37437014,Central Western Shelf Province
37437014,Northwest Transition
37437014,Southwest Shelf Transition
37437014,Southwest Shelf Province
37437014,Central Eastern Shelf Province
37437014,Central Eastern Shelf Transition
37437014,Northeast Shelf Province
37437014,Northeast Shelf Transition
37437015,Northeast Province
37437015,Northeast Shelf Province
37437015,Northeast Shelf Transition
37437016,Lord Howe Province
37437016,Northeast Province
37437016,Timor Province
37437016,Cocos (Keeling) Island Province
37437016,Christmas Island Province
37437016,Northwest Shelf Province
37437016,Central Western Shelf Transition
37437016,Central Western Shelf Province
37437016,Northwest Transition
37437016,Central Eastern Shelf Province
37437016,Central Eastern Shelf Transition
37437016,Northeast Shelf Province
37437016,Northeast Shelf Transition
37437017,Northeast Province
37437017,Northeast Transition
37437017,Timor Province
37437017,Cocos (Keeling) Island Province
37437017,Christmas Island Province
37437017,Northwest Transition
37437017,Southeast Shelf Transition
37437017,Central Eastern Shelf Province
37437017,Central Eastern Shelf Transition
37437017,Northeast Shelf Province
37437017,Northeast Shelf Transition
37437050,Christmas Island Province
37437018,Northeast Province
37437018,Timor Province
37437018,Cocos (Keeling) Island Province
37437018,Christmas Island Province
37437018,Northwest Transition
37437018,Northeast Shelf Transition
37437019,Lord Howe Province
37437019,Northeast Province
37437019,Timor Province
37437019,Norfolk Island Province
37437019,Cocos (Keeling) Island Province
37437019,Christmas Island Province
37437019,Northwest Shelf Province
37437019,Central Western Shelf Transition
37437019,Central Western Shelf Province
37437019,Northwest Transition
37437019,Southwest Shelf Transition
37437019,Southwest Shelf Province
37437019,Southeast Shelf Transition
37437019,Central Eastern Shelf Province
37437019,Central Eastern Shelf Transition
37437019,Northeast Shelf Province
37437019,Northeast Shelf Transition
37437051,Christmas Island Province
37437020,Northeast Province
37437020,Timor Province
37437020,Cocos (Keeling) Island Province
37437020,Christmas Island Province
37437020,Northwest Shelf Transition
37437020,Northwest Shelf Province
37437020,Northwest Transition
37437020,Central Eastern Shelf Province
37437020,Central Eastern Shelf Transition
37437020,Northeast Shelf Province
37437020,Northeast Shelf Transition
37228054,Northern Shelf Province
37428019,Northern Shelf Province
37428019,Northwest Shelf Transition
37428019,Northwest Shelf Province
37428019,Central Eastern Shelf Transition
37428019,Northeast Shelf Province
37428019,Northeast Shelf Transition
37428031,Northwest Shelf Transition
37428031,Northwest Shelf Province
37428031,Central Eastern Shelf Transition
37428031,Northeast Shelf Province
37428031,Northeast Shelf Transition
37428361,Southwest Shelf Province
37428361,Bass Strait Shelf Province
37428361,Central Eastern Shelf Province
37428021,Northern Shelf Province
37428021,Northwest Shelf Transition
37428021,Northwest Shelf Province
37428021,Central Eastern Shelf Transition
37428021,Northeast Shelf Province
37428021,Northeast Shelf Transition
37282035,Northeast Shelf Province
37282035,Northeast Shelf Transition
37384002,Southwest Shelf Transition
37384002,Southwest Shelf Province
37384002,Great Australian Bight Shelf Transition
37384002,Spencer Gulf Shelf Province
37384002,Western Bass Strait Shelf Transition
37384043,Tasmanian Shelf Province
37384043,Southeast Shelf Transition
37384043,Central Eastern Shelf Province
37384043,Central Eastern Shelf Transition
37465044,Northwest Transition
37465044,Northeast Shelf Province
37465044,Northeast Shelf Transition
37465042,Northern Shelf Province
37465042,Central Eastern Shelf Transition
37465042,Northeast Shelf Transition
37311235,Timor Transition
37311167,Timor Transition
37311167,Timor Province
37311167,Northern Shelf Province
37311167,Northwest Shelf Transition
37311167,Northwest Transition
37311167,Northwest Province
37311167,Central Western Transition
37290004,Northern Shelf Province
37290004,Northwest Shelf Transition
37290004,Northwest Shelf Province
37290004,Central Western Shelf Transition
37290004,Central Western Shelf Province
37290004,Central Eastern Shelf Transition
37290004,Northeast Shelf Province
37290004,Northeast Shelf Transition
37280003,Cape Province
37280003,Northeast Shelf Province
37280003,Northeast Shelf Transition
37462001,Northeast Province
37462001,Timor Province
37462001,Northwest Shelf Transition
37462001,Northwest Shelf Province
37462001,Central Western Shelf Transition
37462001,Central Western Shelf Province
37462001,Central Eastern Shelf Province
37462001,Central Eastern Shelf Transition
37462001,Northwest Province
37462001,Northeast Shelf Province
37292004,Central Western Shelf Province
37292004,Southwest Shelf Transition
37292004,Southwest Shelf Province
37292004,Great Australian Bight Shelf Transition
37292004,Spencer Gulf Shelf Province
37292004,Western Bass Strait Shelf Transition
37292004,Bass Strait Shelf Province
37292004,Tasmanian Shelf Province
37292004,Southeast Shelf Transition
37311134,Timor Province
37311134,Cocos (Keeling) Island Province
37311134,Christmas Island Province
37311134,Northwest Shelf Transition
37311134,Northwest Transition
37311134,Northeast Shelf Province
37311134,Northeast Shelf Transition
37039003,Timor Transition
37039003,Christmas Island Province
37039003,Northern Shelf Province
37039003,Northwest Shelf Transition
37039003,Northwest Shelf Province
37039003,Central Western Shelf Transition
37039003,Central Western Shelf Province
37039003,Central Eastern Shelf Province
37039003,Central Eastern Shelf Transition
37039003,Northeast Shelf Province
37039003,Northeast Shelf Transition
37039002,Northern Shelf Province
37039002,Northwest Shelf Transition
37039002,Northwest Shelf Province
37039002,Central Eastern Shelf Transition
37039002,Northeast Shelf Province
37039002,Northeast Shelf Transition
37039005,Northern Shelf Province
37039005,Northwest Shelf Transition
37039005,Northwest Shelf Province
37039005,Central Western Shelf Transition
37039005,Central Western Shelf Province
37039005,Northeast Shelf Province
37039005,Northeast Shelf Transition
37428143,Southwest Shelf Province
37428004,Spencer Gulf Shelf Province
37428004,Western Bass Strait Shelf Transition
37428004,Bass Strait Shelf Province
37428004,Tasmanian Shelf Province
37428004,Southeast Shelf Transition
37428004,Central Eastern Shelf Province
37428004,Central Eastern Shelf Transition
37272003,Tasmania Province
37272003,Bass Strait Shelf Province
37272003,Tasmanian Shelf Province
37435025,Timor Province
37435002,Northeast Shelf Transition
37206036,Western Bass Strait Shelf Transition
37206036,Bass Strait Shelf Province
37206036,Tasmanian Shelf Province
37206036,West Tasmania Transition
37206007,Southwest Shelf Province
37206008,Great Australian Bight Shelf Transition
37206008,Spencer Gulf Shelf Province
37206008,Western Bass Strait Shelf Transition
37206008,Bass Strait Shelf Province
37206008,Tasmanian Shelf Province
37206008,Southeast Shelf Transition
37206008,Central Eastern Shelf Province
37206031,Southwest Shelf Transition
37206031,Southwest Shelf Province
37206031,Great Australian Bight Shelf Transition
37206032,Southwest Shelf Province
37206009,Southwest Shelf Province
37206009,Great Australian Bight Shelf Transition
37206009,Spencer Gulf Shelf Province
37206009,Western Bass Strait Shelf Transition
37206009,Bass Strait Shelf Province
37206009,Tasmanian Shelf Province
37206009,Southeast Shelf Transition
37206009,Central Eastern Shelf Province
37206033,Southwest Shelf Province
37206033,Southeast Shelf Transition
37206034,Southwest Shelf Transition
37206034,Southwest Shelf Province
37206034,Great Australian Bight Shelf Transition
37206010,Spencer Gulf Shelf Province
37206010,Western Bass Strait Shelf Transition
37206010,Bass Strait Shelf Province
37206010,Tasmanian Shelf Province
37206010,Southeast Shelf Transition
37206010,Central Eastern Shelf Province
37206010,Central Eastern Shelf Transition
37206035,Bass Strait Shelf Province
37206035,Tasmanian Shelf Province
37206035,Southeast Shelf Transition
37206037,Norfolk Island Province
37055001,Northern Shelf Province
37055001,Northwest Shelf Transition
37055001,Northwest Shelf Province
37055001,Central Western Shelf Transition
37055001,Central Eastern Shelf Province
37055001,Central Eastern Shelf Transition
37055001,Northeast Shelf Province
37055001,Northeast Shelf Transition
37055002,Lord Howe Province
37055002,Northwest Shelf Province
37055002,Central Eastern Shelf Transition
37055002,Northeast Shelf Province
37055002,Northeast Shelf Transition
37381001,Central Western Shelf Province
37381001,Southwest Shelf Transition
37381001,Southwest Shelf Province
37381001,Great Australian Bight Shelf Transition
37381001,Spencer Gulf Shelf Province
37381001,Western Bass Strait Shelf Transition
37381001,Bass Strait Shelf Province
37381001,Tasmanian Shelf Province
37381001,Southeast Shelf Transition
37381001,Central Eastern Shelf Province
37381001,Central Eastern Shelf Transition
37381001,Northeast Shelf Province
37081004,Central Eastern Province
37081004,Tasman Basin Province
37081004,Lord Howe Province
37081004,Central Eastern Transition
37081004,Kenn Transition
37081004,Northeast Province
37081004,Northeast Transition
37081004,Timor Province
37081004,Cape Province
37081004,Norfolk Island Province
37081004,Northwest Transition
37081004,Northwest Province
37081004,Central Western Transition
37081004,Central Western Province
37081004,Southwest Transition
37081005,Central Eastern Province
37081005,Tasman Basin Province
37081005,Lord Howe Province
37081005,Central Eastern Transition
37081005,Kenn Transition
37081005,Northeast Province
37081005,Northeast Transition
37081005,Timor Province
37081005,Cape Province
37081005,Northwest Transition
37081005,Northwest Province
37081005,Central Western Transition
37081005,Central Western Province
37081005,Southwest Transition
37337018,Lord Howe Province
37337018,Norfolk Island Province
37337018,Northern Shelf Province
37337018,Northwest Shelf Transition
37337018,Northwest Shelf Province
37337018,Central Western Shelf Transition
37337018,Central Western Shelf Province
37337018,Southwest Shelf Transition
37337018,Southwest Shelf Province
37337018,Southeast Shelf Transition
37337018,Central Eastern Shelf Province
37337018,Central Eastern Shelf Transition
37337018,Northeast Shelf Province
37337018,Northeast Shelf Transition
37337010,Timor Transition
37337010,Northern Shelf Province
37337010,Northwest Shelf Transition
37337010,Northwest Shelf Province
37337010,Central Eastern Shelf Transition
37337010,Northeast Shelf Province
37337010,Northeast Shelf Transition
37337036,Timor Transition
37337036,Northern Shelf Province
37337036,Northwest Shelf Transition
37337036,Northwest Shelf Province
37337036,Central Eastern Shelf Transition
37337036,Northeast Shelf Province
37337036,Northeast Shelf Transition
37337067,Northern Shelf Province
37337067,Northwest Shelf Transition
37337067,Northwest Shelf Province
37337067,Northeast Shelf Province
37337067,Northeast Shelf Transition
37128002,Tasmania Province
37128002,Macquarie Island Province
37128002,Southwest Transition
37128002,Southern Province
37128001,Tasmania Province
37128001,Southeast Transition
37128001,Central Eastern Province
37128001,Lord Howe Province
37128001,Kenn Province
37128001,Northeast Transition
37128001,Southeast Shelf Transition
37128001,Central Eastern Shelf Province
37128001,Central Eastern Shelf Transition
37128001,Northwest Province
37128001,Southern Province
37114014,Tasmania Province
37114014,Southeast Transition
37114014,Central Eastern Province
37114014,Tasman Basin Province
37114014,Lord Howe Province
37114014,Norfolk Island Province
37114014,Southwest Transition
37114014,Southern Province
37114014,West Tasmania Transition
37114003,Northwest Transition
37114003,Northwest Province
37114029,Central Eastern Province
37114029,Central Eastern Transition
37114029,Northeast Province
37114043,Central Eastern Province
37114043,Norfolk Island Province
37114042,Lord Howe Province
37114042,Northwest Province
37114042,Central Western Transition
37114042,Central Western Province
37114045,Northeast Province
37114045,Northwest Province
37114045,Central Western Transition
37114045,Central Western Province
37114045,Southwest Transition
37228108,Northwest Shelf Transition
37228108,Northwest Shelf Province
37228106,Lord Howe Province
37228106,Northeast Province
37228106,Timor Province
37228106,Northwest Shelf Province
37228106,Northeast Shelf Transition
37228043,Timor Province
37228043,Cape Province
37228043,Northern Shelf Province
37228043,Northwest Shelf Transition
37228043,Northwest Shelf Province
37228043,Northeast Shelf Province
37228043,Northeast Shelf Transition
37210004,Northwest Shelf Province
37210004,Central Western Shelf Transition
37210004,Central Western Shelf Province
37210004,Southwest Shelf Transition
37210004,Southwest Shelf Province
37210004,Spencer Gulf Shelf Province
37068045,Timor Transition
37068045,Northern Shelf Province
37068045,Northwest Shelf Transition
37068045,Northeast Shelf Province
37266005,Tasmania Province
37266005,Southeast Transition
37266005,Southwest Transition
37266005,Southern Province
37266005,West Tasmania Transition
37266004,Tasmania Province
37266004,Southeast Transition
37266004,Central Eastern Province
37266004,Tasman Basin Province
37266004,Lord Howe Province
37266004,Norfolk Island Province
37266004,Northwest Transition
37266004,Northwest Province
37266004,Central Western Transition
37266004,Central Western Province
37266004,Southwest Transition
37266004,Southern Province
37266004,West Tasmania Transition
37429043,Northeast Transition
37429043,Northeast Shelf Transition
37469002,Tasmania Province
37469002,Southeast Transition
37469002,Central Eastern Province
37469002,Tasman Basin Province
37469002,Lord Howe Province
37469002,Southwest Shelf Province
37469002,Great Australian Bight Shelf Transition
37469002,Spencer Gulf Shelf Province
37469002,Western Bass Strait Shelf Transition
37469002,Bass Strait Shelf Province
37469002,Tasmanian Shelf Province
37469002,Southeast Shelf Transition
37469002,Central Eastern Shelf Province
37469002,Central Eastern Shelf Transition
37469002,Northeast Shelf Province
37469002,Southern Province
37469002,West Tasmania Transition
37441021,Tasmania Province
37441021,Southeast Transition
37441021,Central Eastern Province
37441021,Tasman Basin Province
37441021,Southwest Shelf Province
37441021,Great Australian Bight Shelf Transition
37441021,Spencer Gulf Shelf Province
37441021,Western Bass Strait Shelf Transition
37441021,Tasmanian Shelf Province
37441021,Central Western Transition
37441021,Central Western Province
37441021,Southwest Transition
37441021,Southern Province
37441021,West Tasmania Transition
37012003,Timor Province
37012003,Northwest Shelf Province
37012003,Northwest Transition
37012003,Northwest Province
37012003,Central Western Transition
37012002,Central Eastern Province
37012002,Tasman Basin Province
37012002,Lord Howe Province
37012002,Central Eastern Transition
37012002,Kenn Transition
37012002,Kenn Province
37012002,Northeast Province
37012002,Northeast Transition
37012002,Northwest Shelf Province
37012002,Central Eastern Shelf Province
37012002,Central Eastern Shelf Transition
37012002,Northeast Shelf Province
37012002,Southern Province
37012001,Tasmania Province
37012001,Southeast Transition
37012001,Central Eastern Province
37012001,Tasman Basin Province
37012001,Timor Province
37012001,Northwest Transition
37012001,Northwest Province
37012001,Central Western Transition
37012001,Central Western Province
37012001,Southwest Transition
37012001,Southern Province
37012001,West Tasmania Transition
37465022,Lord Howe Province
37465022,Northern Shelf Province
37465022,Northwest Shelf Transition
37465022,Northwest Shelf Province
37465022,Central Western Shelf Transition
37465022,Central Western Shelf Province
37465022,Southwest Shelf Transition
37465022,Southwest Shelf Province
37465022,Central Eastern Shelf Province
37465022,Central Eastern Shelf Transition
37465022,Northeast Shelf Province
37465022,Northeast Shelf Transition
37465045,Timor Province
37465045,Cocos (Keeling) Island Province
37465045,Christmas Island Province
37465045,Northern Shelf Province
37465045,Northwest Shelf Transition
37465045,Northwest Shelf Province
37465045,Central Western Shelf Transition
37465045,Central Western Shelf Province
37465045,Northwest Transition
37465045,Southwest Shelf Transition
37465045,Central Eastern Shelf Province
37465045,Central Eastern Shelf Transition
37465045,Northeast Shelf Province
37465045,Northeast Shelf Transition
37465046,Timor Province
37465046,Christmas Island Province
37465046,Northwest Transition
37465046,Central Eastern Shelf Transition
37465046,Northeast Shelf Province
37465046,Northeast Shelf Transition
37446012,Northeast Province
37446012,Northeast Transition
37446012,Cape Province
37310004,Northeast Shelf Province
37310011,Northern Shelf Province
37310011,Northwest Shelf Transition
37310011,Northeast Shelf Province
37310011,Northeast Shelf Transition
37310012,Southeast Shelf Transition
37310012,Central Eastern Shelf Province
37310012,Central Eastern Shelf Transition
37310018,Southeast Shelf Transition
37310018,Central Eastern Shelf Province
37310018,Central Eastern Shelf Transition
37310005,Northern Shelf Province
37310005,Northwest Shelf Transition
37310005,Northeast Shelf Province
37310005,Northeast Shelf Transition
37310002,Northern Shelf Province
37310002,Northwest Shelf Transition
37310002,Northwest Shelf Province
37310002,Central Western Shelf Transition
37310002,Central Western Shelf Province
37310002,Northeast Shelf Transition
37296041,Central Eastern Shelf Province
37296041,Central Eastern Shelf Transition
37296041,Northeast Shelf Province
37296041,Northeast Shelf Transition
37374002,Northeast Transition
37374002,Cape Province
37374002,Cocos (Keeling) Island Province
37374002,Christmas Island Province
37374002,Northwest Shelf Province
37374002,Central Western Shelf Transition
37374002,Central Eastern Shelf Transition
37374002,Northeast Shelf Province
37374002,Northeast Shelf Transition
37428032,Central Eastern Shelf Transition
37428032,Northeast Shelf Province
37428032,Northeast Shelf Transition
37428033,Northeast Shelf Province
37428033,Northeast Shelf Transition
37428034,Northeast Province
37428034,Northeast Shelf Transition
37428035,Northern Shelf Province
37428035,Northeast Shelf Province
37428035,Northeast Shelf Transition
37428036,Timor Province
37428036,Northwest Shelf Transition
37428036,Northwest Shelf Province
37428036,Northwest Transition
37428036,Northeast Shelf Province
37428036,Northeast Shelf Transition
37428037,Northern Shelf Province
37428037,Northwest Shelf Transition
37428037,Northwest Shelf Province
37428037,Northeast Shelf Transition
37428038,Northeast Shelf Transition
37428039,Northeast Shelf Province
37428039,Northeast Shelf Transition
37428040,Northern Shelf Province
37428040,Northwest Shelf Transition
37428040,Northwest Shelf Province
37428040,Northeast Shelf Province
37428040,Northeast Shelf Transition
37428041,Northeast Shelf Province
37428041,Northeast Shelf Transition
37428042,Northeast Shelf Transition
37428359,Timor Province
37428359,Northeast Shelf Province
37428359,Northeast Shelf Transition
37428043,Northeast Province
37428043,Northeast Transition
37428043,Timor Province
37428043,Cape Province
37428043,Northwest Transition
37428043,Northeast Shelf Province
37428043,Northeast Shelf Transition
37428446,Northeast Shelf Province
37428446,Northeast Shelf Transition
37428044,Timor Province
37428044,Christmas Island Province
37428044,Northwest Shelf Province
37428044,Northwest Transition
37428044,Central Eastern Shelf Province
37428044,Central Eastern Shelf Transition
37428044,Northeast Shelf Province
37428044,Northeast Shelf Transition
37085020,Northwest Shelf Province
37085006,Timor Transition
37085006,Northern Shelf Province
37085006,Northwest Shelf Transition
37085006,Northwest Shelf Province
37085006,Central Eastern Shelf Transition
37085006,Northeast Shelf Province
37085006,Northeast Shelf Transition
37372016,Timor Province
37372016,Cape Province
37372016,Cocos (Keeling) Island Province
37372016,Christmas Island Province
37372016,Northwest Transition
37372016,Central Eastern Shelf Transition
37372016,Northeast Shelf Province
37372016,Northeast Shelf Transition
37372141,Northwest Shelf Transition
37372141,Northwest Shelf Province
37372017,Timor Province
37372017,Cocos (Keeling) Island Province
37372017,Christmas Island Province
37372017,Northwest Shelf Province
37372017,Central Western Shelf Transition
37372017,Northwest Transition
37372017,Central Eastern Shelf Transition
37372017,Northeast Shelf Province
37372017,Northeast Shelf Transition
37372018,Northeast Transition
37372018,Timor Province
37372018,Cape Province
37372018,Christmas Island Province
37372018,Northeast Shelf Province
37372018,Northeast Shelf Transition
37428045,Northern Shelf Province
37428045,Northwest Shelf Transition
37428045,Northwest Shelf Province
37428045,Northeast Shelf Province
37428045,Northeast Shelf Transition
37428046,Timor Province
37428046,Cocos (Keeling) Island Province
37428046,Northwest Shelf Province
37428046,Northeast Shelf Province
37428046,Northeast Shelf Transition
37428047,Lord Howe Province
37428047,Timor Province
37428047,Cocos (Keeling) Island Province
37428047,Northern Shelf Province
37428047,Northwest Shelf Transition
37428047,Northwest Shelf Province
37428047,Northwest Transition
37428047,Northeast Shelf Province
37428047,Northeast Shelf Transition
37428048,Lord Howe Province
37428048,Timor Province
37428048,Cape Province
37428048,Cocos (Keeling) Island Province
37428048,Northern Shelf Province
37428048,Northwest Shelf Transition
37428048,Northwest Shelf Province
37428048,Central Western Shelf Transition
37428048,Central Western Shelf Province
37428048,Northwest Transition
37428048,Southwest Shelf Transition
37428048,Southwest Shelf Province
37428048,Central Eastern Shelf Province
37428048,Central Eastern Shelf Transition
37428048,Northeast Shelf Province
37428048,Northeast Shelf Transition
37428049,Lord Howe Province
37428049,Northeast Transition
37428049,Timor Province
37428049,Cape Province
37428049,Northwest Transition
37428049,Northeast Shelf Province
37428049,Northeast Shelf Transition
37428447,Cocos (Keeling) Island Province
37428050,Northeast Shelf Province
37428050,Northeast Shelf Transition
37428448,Cocos (Keeling) Island Province
37428051,Timor Transition
37428051,Northern Shelf Province
37428051,Northwest Shelf Transition
37428051,Northeast Shelf Province
37372019,Northwest Shelf Transition
37372019,Northwest Shelf Province
37372019,Northeast Shelf Province
37372019,Northeast Shelf Transition
37031041,Tasmania Province
37031041,Southeast Transition
37031041,West Tasmania Transition
37305007,Macquarie Island Province
37188004,Timor Transition
37188004,Northern Shelf Province
37188004,Northwest Shelf Transition
37425003,Lord Howe Province
37425003,Central Eastern Shelf Province
37425003,Central Eastern Shelf Transition
37425003,Northeast Shelf Province
37425003,Northeast Shelf Transition
37461016,Southwest Shelf Province
37461016,Great Australian Bight Shelf Transition
37461016,Spencer Gulf Shelf Province
37461007,Southwest Shelf Transition
37461007,Southwest Shelf Province
37461007,Great Australian Bight Shelf Transition
37461007,Spencer Gulf Shelf Province
37461004,Spencer Gulf Shelf Province
37461004,Western Bass Strait Shelf Transition
37461004,Bass Strait Shelf Province
37461004,Tasmanian Shelf Province
37461004,Southeast Shelf Transition
37461012,Spencer Gulf Shelf Province
37461012,Western Bass Strait Shelf Transition
37461012,Bass Strait Shelf Province
37461012,Southeast Shelf Transition
37461001,Southwest Shelf Province
37461001,Great Australian Bight Shelf Transition
37461001,Spencer Gulf Shelf Province
37461001,Western Bass Strait Shelf Transition
37461001,Bass Strait Shelf Province
37461001,Tasmanian Shelf Province
37461001,Southeast Shelf Transition
37461001,Central Eastern Shelf Province
37321007,Northern Shelf Province
37321007,Northwest Shelf Transition
37321007,Northwest Shelf Province
37321007,Central Western Shelf Transition
37321007,Central Western Shelf Province
37321007,Southwest Shelf Transition
37321007,Southwest Shelf Province
37321007,Northeast Shelf Province
37321007,Northeast Shelf Transition
37428020,Northern Shelf Province
37428020,Northwest Shelf Transition
37428020,Northwest Shelf Province
37428020,Northeast Shelf Province
37428020,Northeast Shelf Transition
37428052,Northern Shelf Province
37428052,Northwest Shelf Transition
37428052,Northeast Shelf Province
37428052,Northeast Shelf Transition
37428053,Northeast Shelf Province
37428053,Northeast Shelf Transition
37365020,Lord Howe Province
37365020,Norfolk Island Province
37365020,Southeast Shelf Transition
37365020,Central Eastern Shelf Province
37365020,Central Eastern Shelf Transition
37372020,Northeast Province
37372020,Central Eastern Shelf Province
37372020,Central Eastern Shelf Transition
37372020,Northeast Shelf Province
37372020,Northeast Shelf Transition
37372021,Northeast Province
37372021,Northeast Transition
37372021,Cape Province
37372021,Northeast Shelf Province
37372021,Northeast Shelf Transition
37372007,Northeast Transition
37372007,Timor Province
37372007,Cocos (Keeling) Island Province
37372007,Christmas Island Province
37372007,Northwest Shelf Transition
37372007,Northwest Shelf Province
37372007,Central Western Shelf Transition
37372007,Central Western Shelf Province
37372007,Northwest Transition
37372007,Southwest Shelf Transition
37372007,Central Eastern Shelf Transition
37372007,Northeast Shelf Province
37372007,Northeast Shelf Transition
37372022,Lord Howe Province
37372022,Norfolk Island Province
37372022,Central Eastern Shelf Province
37372022,Central Eastern Shelf Transition
37372023,Lord Howe Province
37372024,Timor Province
37372024,Northwest Shelf Transition
37372024,Central Eastern Shelf Province
37372024,Central Eastern Shelf Transition
37372024,Northeast Shelf Province
37372024,Northeast Shelf Transition
37372025,Timor Province
37372025,Northern Shelf Province
37372025,Northwest Shelf Transition
37372026,Cape Province
37372026,Northeast Shelf Province
37372026,Northeast Shelf Transition
37372027,Timor Province
37372027,Cocos (Keeling) Island Province
37372027,Christmas Island Province
37372027,Northwest Shelf Province
37372027,Central Western Shelf Transition
37372027,Central Western Shelf Province
37372027,Northwest Transition
37372027,Northeast Shelf Province
37372027,Northeast Shelf Transition
37372138,Northern Shelf Province
37372138,Northeast Shelf Province
37372138,Northeast Shelf Transition
37372028,Northern Shelf Province
37372028,Northwest Shelf Transition
37372028,Northwest Shelf Province
37372028,Central Western Shelf Transition
37372028,Central Western Shelf Province
37372029,Timor Province
37372029,Christmas Island Province
37372029,Northwest Shelf Transition
37372029,Northwest Shelf Province
37372029,Central Western Shelf Transition
37372029,Northwest Transition
37313021,Timor Province
37313021,Cape Province
37313021,Northeast Shelf Province
37313021,Northeast Shelf Transition
37228104,Southwest Shelf Province
37228105,Tasmanian Shelf Province
37465010,Northern Shelf Province
37465010,Northwest Shelf Transition
37465010,Northwest Shelf Province
37465010,Central Western Shelf Transition
37465010,Central Western Shelf Province
37465010,Southwest Shelf Transition
37465010,Central Eastern Shelf Province
37465010,Central Eastern Shelf Transition
37465010,Northeast Shelf Province
37465010,Northeast Shelf Transition
37384045,Lord Howe Province
37384045,Northeast Province
37384045,Timor Province
37384045,Cocos (Keeling) Island Province
37384045,Christmas Island Province
37384045,Northwest Shelf Province
37384045,Central Western Shelf Transition
37384045,Central Western Shelf Province
37384045,Northwest Transition
37384045,Southwest Shelf Transition
37384045,Southeast Shelf Transition
37384045,Central Eastern Shelf Province
37384045,Central Eastern Shelf Transition
37384045,Northeast Shelf Province
37384045,Northeast Shelf Transition
37384046,Lord Howe Province
37384046,Norfolk Island Province
37384046,Southeast Shelf Transition
37384046,Central Eastern Shelf Province
37384047,Lord Howe Province
37384047,Southeast Shelf Transition
37384047,Central Eastern Shelf Province
37384047,Central Eastern Shelf Transition
37384048,Lord Howe Province
37384048,Timor Province
37384048,Northwest Shelf Province
37384048,Central Western Shelf Transition
37384048,Central Western Shelf Province
37384048,Northwest Transition
37384048,Southwest Shelf Transition
37384048,Southwest Shelf Province
37384048,Southeast Shelf Transition
37384048,Central Eastern Shelf Province
37384048,Central Eastern Shelf Transition
37384048,Northeast Shelf Province
37384048,Northeast Shelf Transition
37384016,Northern Shelf Province
37384016,Northwest Shelf Transition
37384016,Northwest Shelf Province
37384016,Central Western Shelf Transition
37384016,Central Western Shelf Province
37384180,Timor Province
37384180,Christmas Island Province
37384180,Northeast Shelf Province
37384049,Timor Province
37384049,Cocos (Keeling) Island Province
37384049,Christmas Island Province
37384049,Northwest Shelf Province
37384049,Central Western Shelf Transition
37384049,Central Western Shelf Province
37384049,Southwest Shelf Transition
37384049,Central Eastern Shelf Transition
37384049,Northeast Shelf Province
37384049,Northeast Shelf Transition
37384050,Lord Howe Province
37384050,Northeast Province
37384050,Northeast Transition
37384050,Cape Province
37384050,Northwest Transition
37384050,Southeast Shelf Transition
37384050,Central Eastern Shelf Province
37384050,Central Eastern Shelf Transition
37384050,Northeast Shelf Province
37384050,Northeast Shelf Transition
37384051,Northeast Province
37384051,Northeast Transition
37384051,Timor Province
37384051,Cape Province
37384051,Cocos (Keeling) Island Province
37384051,Christmas Island Province
37384051,Northwest Transition
37384051,Northeast Shelf Province
37384051,Northeast Shelf Transition
37427045,Timor Province
37060017,Northeast Province
37060017,Northwest Transition
37060017,Northeast Shelf Province
37060017,Northeast Shelf Transition
37060018,Cocos (Keeling) Island Province
37060018,Northwest Transition
37060018,Northeast Shelf Province
37060018,Northeast Shelf Transition
37060019,Cape Province
37060019,Christmas Island Province
37060019,Northwest Transition
37060019,Northeast Shelf Province
37060019,Northeast Shelf Transition
37060022,Cocos (Keeling) Island Province
37060022,Christmas Island Province
37060022,Northwest Transition
37060022,Central Eastern Shelf Transition
37060022,Northeast Shelf Province
37060022,Northeast Shelf Transition
37056001,Lord Howe Province
37056001,Norfolk Island Province
37056001,Spencer Gulf Shelf Province
37056001,Western Bass Strait Shelf Transition
37056001,Bass Strait Shelf Province
37056001,Tasmanian Shelf Province
37056001,Southeast Shelf Transition
37056001,Central Eastern Shelf Province
37056001,Central Eastern Shelf Transition
37056001,Northeast Shelf Province
37056003,Christmas Island Province
37056003,Northwest Shelf Transition
37056003,Northwest Shelf Province
37056004,Northern Shelf Province
37056004,Central Eastern Shelf Transition
37056004,Northeast Shelf Province
37056004,Northeast Shelf Transition
37056002,Lord Howe Province
37056002,Western Bass Strait Shelf Transition
37056002,Bass Strait Shelf Province
37056002,Tasmanian Shelf Province
37056002,Southeast Shelf Transition
37056002,Central Eastern Shelf Province
37056002,Central Eastern Shelf Transition
37056002,Northeast Shelf Province
37056002,Northeast Shelf Transition
37085015,Timor Transition
37085015,Northern Shelf Province
37085015,Northwest Shelf Transition
37085015,Northwest Shelf Province
37085015,Central Eastern Shelf Transition
37085015,Northeast Shelf Province
37085015,Northeast Shelf Transition
37260001,Northeast Province
37260001,Northeast Transition
37260001,Northeast Shelf Transition
37466015,Central Western Shelf Province
37466015,Southwest Shelf Transition
37466015,Southwest Shelf Province
37466015,Great Australian Bight Shelf Transition
37466015,Spencer Gulf Shelf Province
37466002,Western Bass Strait Shelf Transition
37466002,Bass Strait Shelf Province
37466002,Southeast Shelf Transition
37466002,Central Eastern Shelf Province
37466002,Central Eastern Shelf Transition
37466010,Central Western Shelf Province
37466010,Southwest Shelf Transition
37466010,Southwest Shelf Province
37466010,Great Australian Bight Shelf Transition
37466010,Spencer Gulf Shelf Province
37466010,Western Bass Strait Shelf Transition
37466010,Bass Strait Shelf Province
37257001,Tasmania Province
37257001,Southeast Transition
37257001,Central Eastern Province
37257001,Lord Howe Province
37257001,Central Eastern Transition
37257001,Kenn Transition
37257001,Kenn Province
37257001,Northeast Province
37257001,Norfolk Island Province
37257001,Central Western Transition
37257001,Central Western Province
37257001,Southwest Transition
37257001,Southern Province
37257001,West Tasmania Transition
37129750,Tasmania Province
37129750,Central Eastern Province
37129001,Macquarie Island Province
37129001,Central Western Transition
37129001,Central Western Province
37129001,Southwest Transition
37025002,Timor Transition
37025002,Northern Shelf Province
37025002,Northwest Shelf Transition
37025002,Northwest Shelf Province
37025002,Northeast Shelf Province
37025002,Northeast Shelf Transition
37210018,Lord Howe Province
37210018,Timor Province
37210018,Northwest Shelf Transition
37210018,Southwest Shelf Transition
37210018,Great Australian Bight Shelf Transition
37210018,Central Eastern Shelf Province
37210018,Northeast Shelf Province
37210018,Northeast Shelf Transition
37210008,Timor Transition
37210008,Northern Shelf Province
37210008,Northwest Shelf Transition
37210008,Northwest Shelf Province
37210008,Central Eastern Shelf Province
37210008,Central Eastern Shelf Transition
37210008,Northeast Shelf Province
37210008,Northeast Shelf Transition
37210027,Northwest Shelf Transition
37210027,Northwest Shelf Province
37210027,Central Eastern Shelf Transition
37210027,Northeast Shelf Province
37210027,Northeast Shelf Transition
37210020,Lord Howe Province
37210020,Timor Province
37210020,Northern Shelf Province
37210020,Northwest Shelf Transition
37210020,Northwest Shelf Province
37210020,Central Western Shelf Transition
37210020,Central Western Shelf Province
37210020,Southwest Shelf Transition
37210020,Central Eastern Shelf Province
37210020,Central Eastern Shelf Transition
37210020,Northeast Shelf Province
37210020,Northeast Shelf Transition
37210009,Lord Howe Province
37210009,Timor Province
37210009,Northern Shelf Province
37210009,Northwest Shelf Transition
37210009,Northwest Shelf Province
37210009,Central Western Shelf Transition
37210009,Central Western Shelf Province
37210009,Southwest Shelf Transition
37210009,Southeast Shelf Transition
37210009,Central Eastern Shelf Province
37210009,Central Eastern Shelf Transition
37210009,Northeast Shelf Province
37210009,Northeast Shelf Transition
37210022,Northeast Shelf Transition
37267004,Central Eastern Province
37267003,Timor Transition
37267001,Southeast Transition
37267001,Central Eastern Province
37267001,Tasman Basin Province
37267001,Central Eastern Transition
37267001,Kenn Transition
37267001,Kenn Province
37267001,Northeast Province
37267001,Northeast Transition
37267001,Cape Province
37267001,Southeast Shelf Transition
37267001,Central Eastern Shelf Province
37267001,Central Eastern Shelf Transition
37224008,Tasmania Province
37224008,Southeast Transition
37224008,Central Eastern Province
37224008,Tasman Basin Province
37224008,Lord Howe Province
37224008,Norfolk Island Province
37224008,Macquarie Island Province
37224008,Central Western Transition
37224008,Central Western Province
37224008,Southwest Transition
37224008,Southern Province
37224008,West Tasmania Transition
37300002,Tasmania Province
37300002,Southeast Transition
37300002,Central Eastern Province
37300002,Tasmanian Shelf Province
37300002,Southeast Shelf Transition
37300002,Central Eastern Shelf Province
37300002,Central Eastern Shelf Transition
37300001,Central Eastern Province
37300001,Central Eastern Transition
37311085,Timor Province
37311085,Cocos (Keeling) Island Province
37311085,Christmas Island Province
37311085,Northern Shelf Province
37311085,Northwest Shelf Province
37311085,Central Western Shelf Transition
37311085,Northwest Transition
37311085,Northeast Shelf Province
37311085,Northeast Shelf Transition
37440012,Central Western Province
37440010,Central Eastern Province
37440010,Tasman Basin Province
37440010,Central Eastern Transition
37440010,Kenn Transition
37440010,Kenn Province
37440010,Northeast Province
37440013,Central Eastern Province
37346036,Lord Howe Province
37346036,Timor Province
37346036,Cocos (Keeling) Island Province
37346036,Christmas Island Province
37346036,Northwest Transition
37346036,Central Eastern Shelf Province
37346036,Central Eastern Shelf Transition
37346036,Northeast Shelf Province
37346036,Northeast Shelf Transition
37346001,Northeast Province
37346001,Timor Province
37346001,Northeast Shelf Province
37346001,Northeast Shelf Transition
37228014,Tasmania Province
37228014,Southeast Transition
37228014,Central Eastern Province
37228014,Lord Howe Province
37228014,Central Eastern Transition
37228014,Cape Province
37287033,Northern Shelf Province
37287033,Northwest Shelf Transition
37287033,Northwest Shelf Province
37287033,Central Western Shelf Transition
37287033,Central Western Shelf Province
37287033,Southwest Shelf Transition
37287033,Central Eastern Shelf Transition
37287033,Northeast Shelf Province
37287033,Northeast Shelf Transition
37287011,Northern Shelf Province
37287011,Northwest Shelf Transition
37287011,Northwest Shelf Province
37287011,Central Western Shelf Transition
37287011,Central Western Shelf Province
37287011,Northwest Transition
37287011,Central Eastern Shelf Province
37287011,Central Eastern Shelf Transition
37287011,Northeast Shelf Province
37287011,Northeast Shelf Transition
37290005,Northwest Shelf Province
37290005,Central Western Shelf Transition
37290005,Central Western Shelf Province
37290005,Central Eastern Shelf Province
37290005,Central Eastern Shelf Transition
37290005,Northeast Shelf Province
37290005,Northeast Shelf Transition
37290001,Central Western Shelf Province
37290001,Southwest Shelf Transition
37290001,Southwest Shelf Province
37290001,Great Australian Bight Shelf Transition
37290001,Spencer Gulf Shelf Province
37290001,Western Bass Strait Shelf Transition
37290001,Bass Strait Shelf Province
37290001,Tasmanian Shelf Province
37290001,Southeast Shelf Transition
37290001,Central Eastern Shelf Province
37290001,Central Eastern Shelf Transition
37376001,Spencer Gulf Shelf Province
37376001,Western Bass Strait Shelf Transition
37376001,Bass Strait Shelf Province
37376001,Tasmanian Shelf Province
37376001,Southeast Shelf Transition
37376003,Lord Howe Province
37376003,Norfolk Island Province
37376002,Southeast Shelf Transition
37376002,Central Eastern Shelf Province
37376002,Central Eastern Shelf Transition
37376004,Southwest Shelf Province
37376004,Great Australian Bight Shelf Transition
37376004,Spencer Gulf Shelf Province
37428055,Northern Shelf Province
37428055,Northwest Shelf Transition
37428055,Northwest Shelf Province
37428055,Northeast Shelf Province
37428055,Northeast Shelf Transition
37428205,Northern Shelf Province
37428205,Northwest Shelf Transition
37327165,Northwest Shelf Transition
37327051,Lord Howe Province
37327051,Timor Province
37327051,Cape Province
37327051,Norfolk Island Province
37327051,Cocos (Keeling) Island Province
37327051,Christmas Island Province
37327051,Northwest Shelf Transition
37327051,Northwest Shelf Province
37327051,Central Western Shelf Transition
37327051,Central Western Shelf Province
37327051,Northwest Transition
37327051,Southwest Shelf Transition
37327051,Central Eastern Shelf Province
37327051,Central Eastern Shelf Transition
37327051,Northeast Shelf Province
37327051,Northeast Shelf Transition
37327147,Northeast Province
37327147,Christmas Island Province
37327147,Northeast Shelf Province
37327179,Central Eastern Shelf Transition
37327074,Cape Province
37327074,Christmas Island Province
37327074,Northern Shelf Province
37327074,Northwest Shelf Transition
37327074,Northwest Shelf Province
37327074,Central Western Shelf Transition
37327074,Central Western Shelf Province
37327074,Southeast Shelf Transition
37327074,Central Eastern Shelf Province
37327074,Central Eastern Shelf Transition
37327074,Northeast Shelf Province
37327074,Northeast Shelf Transition
37327076,Christmas Island Province
37327076,Northwest Shelf Transition
37327076,Northeast Shelf Transition
37327153,Northern Shelf Province
37327153,Northeast Shelf Transition
37327133,Timor Province
37327133,Northwest Transition
37327133,Northeast Shelf Transition
37327070,Northern Shelf Province
37327070,Northwest Shelf Transition
37327070,Northwest Shelf Province
37327070,Central Western Shelf Transition
37327070,Central Western Shelf Province
37327070,Southwest Shelf Transition
37327070,Southwest Shelf Province
37327077,Timor Province
37327077,Northern Shelf Province
37327077,Northwest Shelf Transition
37327077,Northwest Shelf Province
37327077,Northeast Shelf Province
37327077,Northeast Shelf Transition
37327080,Northeast Province
37327080,Timor Province
37327080,Cocos (Keeling) Island Province
37327080,Christmas Island Province
37327080,Northwest Transition
37327080,Central Eastern Shelf Transition
37327080,Northeast Shelf Province
37327080,Northeast Shelf Transition
37327081,Timor Province
37327081,Cocos (Keeling) Island Province
37327081,Central Western Shelf Transition
37365016,Timor Province
37365016,Cocos (Keeling) Island Province
37365016,Christmas Island Province
37365016,Northwest Shelf Province
37365016,Central Western Shelf Transition
37365016,Northwest Transition
37365016,Northeast Shelf Transition
37415007,Western Bass Strait Shelf Transition
37415007,Bass Strait Shelf Province
37415007,Southeast Shelf Transition
37314001,Northeast Province
37314001,Timor Province
37314001,Cape Province
37314001,Cocos (Keeling) Island Province
37314001,Northwest Shelf Province
37314001,Northwest Transition
37314001,Northeast Shelf Province
37314001,Northeast Shelf Transition
37346027,Lord Howe Province
37346027,Timor Province
37346027,Cape Province
37346027,Cocos (Keeling) Island Province
37346027,Christmas Island Province
37346027,Central Western Shelf Transition
37346027,Northwest Transition
37346027,Central Eastern Shelf Transition
37346027,Northeast Shelf Province
37346027,Northeast Shelf Transition
37015017,Tasmania Province
37015017,Southwest Transition
37015020,Tasmania Province
37015020,Southeast Transition
37015020,Central Eastern Province
37015020,Tasman Basin Province
37015020,Central Eastern Transition
37015020,Kenn Transition
37015020,Kenn Province
37015020,Northeast Province
37015020,Central Western Province
37015020,Southwest Transition
37015020,West Tasmania Transition
37015019,Southwest Transition
37015021,Northeast Province
37015021,Timor Province
37015021,Central Western Province
37015016,Tasmania Province
37015016,Southeast Transition
37015016,Central Eastern Province
37015016,Southern Province
37015016,West Tasmania Transition
37015018,Tasmania Province
37015018,Southeast Transition
37015018,Central Eastern Province
37015018,Norfolk Island Province
37015018,West Tasmania Transition
37015015,Central Eastern Province
37015015,Tasman Basin Province
37015015,Central Eastern Transition
37015015,Kenn Transition
37015015,Northeast Province
37015015,Northeast Transition
37015015,Central Western Province
37015014,Tasmania Province
37015014,Southeast Transition
37015014,Central Eastern Province
37015014,Timor Province
37015014,Central Western Transition
37015014,Central Western Province
37015014,Southwest Transition
37015014,West Tasmania Transition
37068050,Central Eastern Shelf Province
37068046,Christmas Island Province
37068046,Northeast Shelf Province
37068046,Northeast Shelf Transition
37068057,Central Eastern Shelf Province
37027009,Southeast Shelf Transition
37027009,Central Eastern Shelf Province
37027009,Central Eastern Shelf Transition
37027009,Northeast Shelf Province
37027007,Northwest Shelf Transition
37027007,Northwest Shelf Province
37027007,Central Western Shelf Transition
37027007,Central Western Shelf Province
37027001,Northwest Shelf Province
37027001,Central Western Shelf Transition
37027001,Central Western Shelf Province
37027001,Southwest Shelf Transition
37027001,Southwest Shelf Province
37027001,Great Australian Bight Shelf Transition
37027001,Spencer Gulf Shelf Province
37027001,Western Bass Strait Shelf Transition
37027001,Bass Strait Shelf Province
37466003,Southwest Shelf Transition
37466003,Southwest Shelf Province
37466003,Great Australian Bight Shelf Transition
37466003,Spencer Gulf Shelf Province
37466003,Western Bass Strait Shelf Transition
37466003,Bass Strait Shelf Province
37466003,Tasmanian Shelf Province
37466003,Southeast Shelf Transition
37466003,Central Eastern Shelf Province
37466001,Southwest Shelf Province
37466001,Great Australian Bight Shelf Transition
37466001,Spencer Gulf Shelf Province
37466001,Western Bass Strait Shelf Transition
37466001,Bass Strait Shelf Province
37466001,Southeast Shelf Transition
37327157,Northeast Shelf Province
37126005,Central Eastern Province
37428384,Northeast Shelf Province
37428008,Southwest Shelf Transition
37428008,Southwest Shelf Province
37428008,Great Australian Bight Shelf Transition
37428008,Spencer Gulf Shelf Province
37428008,Western Bass Strait Shelf Transition
37428008,Bass Strait Shelf Province
37428008,Tasmanian Shelf Province
37428008,Southeast Shelf Transition
37428008,Central Eastern Shelf Province
37428008,Central Eastern Shelf Transition
37428002,Western Bass Strait Shelf Transition
37428002,Bass Strait Shelf Province
37428002,Southeast Shelf Transition
37428002,Central Eastern Shelf Province
37428002,Central Eastern Shelf Transition
37428002,Northeast Shelf Province
37428002,Northeast Shelf Transition
37428056,Northwest Shelf Transition
37428056,Central Eastern Shelf Province
37428056,Central Eastern Shelf Transition
37428056,Northeast Shelf Province
37097001,Tasmania Province
37097001,Southeast Transition
37097001,Central Eastern Province
37097001,Northwest Shelf Province
37097001,Northwest Transition
37097001,Southwest Shelf Transition
37097001,Great Australian Bight Shelf Transition
37097001,Spencer Gulf Shelf Province
37097001,Western Bass Strait Shelf Transition
37097001,Bass Strait Shelf Province
37097001,Tasmanian Shelf Province
37097001,Southeast Shelf Transition
37097001,Central Eastern Shelf Province
37097001,Northwest Province
37097001,Central Western Transition
37097001,Central Western Province
37097001,Southwest Transition
37097001,Southern Province
37097001,West Tasmania Transition
37107012,Timor Province
37107012,Cape Province
37107004,Tasmania Province
37107004,Southeast Transition
37107004,Central Eastern Province
37107004,Kenn Transition
37107004,Timor Province
37107004,Central Western Transition
37107004,Central Western Province
37107004,Southwest Transition
37107004,Southern Province
37107004,West Tasmania Transition
37107025,Central Eastern Transition
37107025,Timor Province
37107025,Northwest Transition
37107025,Central Western Province
37107001,Tasmania Province
37107001,Southeast Transition
37107001,Central Eastern Province
37107001,Tasman Basin Province
37107001,Lord Howe Province
37107001,Central Eastern Transition
37107001,Kenn Transition
37107001,Kenn Province
37107001,Northeast Province
37107001,Northeast Transition
37107001,Cape Province
37107001,Norfolk Island Province
37107001,Southwest Shelf Province
37107001,Central Western Transition
37107001,Central Western Province
37107001,Southwest Transition
37107001,Southern Province
37107005,Tasmania Province
37107005,Southeast Transition
37107005,Central Eastern Province
37107005,Tasman Basin Province
37107005,Macquarie Island Province
37107005,Central Western Province
37107005,Southwest Transition
37107005,Southern Province
37107005,West Tasmania Transition
37107006,Tasmania Province
37107006,Southeast Transition
37107006,Central Eastern Province
37107006,Tasman Basin Province
37107006,Lord Howe Province
37107006,Northeast Province
37107006,Northeast Transition
37107006,Norfolk Island Province
37107006,Northwest Province
37107006,Central Western Transition
37107006,Central Western Province
37107006,Southwest Transition
37107006,Southern Province
37107006,West Tasmania Transition
37107013,Southeast Transition
37107013,Central Eastern Province
37107013,Tasman Basin Province
37107013,Northeast Province
37107013,Northeast Transition
37107013,Cape Province
37107013,Norfolk Island Province
37107013,Northwest Province
37107013,Central Western Transition
37107013,Central Western Province
37353006,Timor Transition
37353006,Northern Shelf Province
37353006,Northwest Shelf Transition
37353006,Northwest Shelf Province
37353006,Central Western Shelf Transition
37353006,Central Western Shelf Province
37353006,Central Eastern Shelf Transition
37353006,Northeast Shelf Province
37353006,Northeast Shelf Transition
37354001,Northwest Shelf Province
37354001,Central Western Shelf Transition
37354001,Central Western Shelf Province
37354001,Southwest Shelf Transition
37354001,Southwest Shelf Province
37354001,Great Australian Bight Shelf Transition
37354001,Spencer Gulf Shelf Province
37354001,Western Bass Strait Shelf Transition
37354001,Bass Strait Shelf Province
37354001,Southeast Shelf Transition
37354001,Central Eastern Shelf Province
37354001,Central Eastern Shelf Transition
37447007,Timor Transition
37447007,Northeast Transition
37447007,Timor Province
37447007,Cape Province
37447007,Northern Shelf Province
37447007,Northwest Shelf Transition
37447007,Northwest Shelf Province
37447007,Northwest Transition
37447007,Northwest Province
37447003,Central Eastern Province
37447003,Central Eastern Transition
37447003,Northeast Province
37447003,Northeast Transition
37447003,Timor Province
37447003,Cape Province
37447003,Northwest Shelf Transition
37447003,Northwest Shelf Province
37447003,Central Western Shelf Province
37447003,Northwest Transition
37447003,Southeast Shelf Transition
37447003,Central Eastern Shelf Province
37447003,Central Eastern Shelf Transition
37447003,Northwest Province
37447003,Central Western Transition
37067006,Central Eastern Transition
37067006,Northern Shelf Province
37067006,Northwest Shelf Transition
37067006,Northwest Shelf Province
37067006,Central Western Shelf Transition
37067006,Central Western Shelf Province
37067006,Southwest Shelf Transition
37067006,Southeast Shelf Transition
37067006,Central Eastern Shelf Transition
37067006,Northeast Shelf Province
37067006,Northeast Shelf Transition
37067035,Timor Transition
37067035,Central Eastern Province
37067035,Central Eastern Transition
37067035,Northeast Province
37067035,Northeast Transition
37067035,Northwest Shelf Province
37067035,Central Eastern Shelf Province
37067038,Central Eastern Province
37067038,Tasman Basin Province
37067038,Lord Howe Province
37067038,Central Eastern Transition
37067038,Kenn Transition
37067038,Kenn Province
37067038,Northeast Province
37067038,Northeast Transition
37067038,Northwest Shelf Province
37067038,Central Western Shelf Transition
37067038,Central Western Shelf Province
37067038,Southwest Shelf Transition
37067038,Central Eastern Shelf Province
37067038,Central Eastern Shelf Transition
37067019,Central Eastern Shelf Province
37067019,Central Eastern Shelf Transition
37067003,Tasmania Province
37067003,Central Eastern Province
37067003,Northwest Shelf Province
37067003,Northwest Transition
37067003,Southwest Shelf Transition
37067003,Western Bass Strait Shelf Transition
37067003,Tasmanian Shelf Province
37067003,Northwest Province
37067003,Central Western Transition
37067003,Central Western Province
37067003,West Tasmania Transition
37067014,Central Eastern Transition
37067014,Timor Province
37067014,Northern Shelf Province
37067014,Northwest Shelf Transition
37067014,Northwest Shelf Province
37067014,Central Western Shelf Transition
37067014,Central Western Shelf Province
37067014,Southwest Shelf Transition
37067014,Southwest Shelf Province
37067014,Southeast Shelf Transition
37067014,Central Eastern Shelf Province
37067014,Central Eastern Shelf Transition
37067014,Northeast Shelf Province
37067014,Northeast Shelf Transition
